./where_wally/wally_img_train/0(1).jpg,1
./where_wally/wally_img_train/0(2).jpg,1
./where_wally/wally_img_train/0(3).jpg,1
./where_wally/wally_img_train/0(4).jpg,1
./where_wally/wally_img_train/0(5).jpg,1
./where_wally/wally_img_train/0(6).jpg,1
./where_wally/wally_img_train/0(7).jpg,1
./where_wally/wally_img_train/0(8).jpg,1
./where_wally/wally_img_train/0(9).jpg,1
./where_wally/wally_img_train/0(10).jpg,1
./where_wally/wally_img_train/0(11).jpg,1
./where_wally/wally_img_train/0(12).jpg,1
./where_wally/wally_img_train/0(13).jpg,1
./where_wally/wally_img_train/0(14).jpg,1
./where_wally/wally_img_train/0(15).jpg,1
./where_wally/wally_img_train/0(16).jpg,1
./where_wally/wally_img_train/0(17).jpg,1
./where_wally/wally_img_train/0(18).jpg,1
./where_wally/wally_img_train/0(19).jpg,1
./where_wally/wally_img_train/0(20).jpg,1
./where_wally/wally_img_train/0(21).jpg,1
./where_wally/wally_img_train/0(22).jpg,1
./where_wally/wally_img_train/0(23).jpg,1
./where_wally/wally_img_train/0(24).jpg,1
./where_wally/wally_img_train/0(25).jpg,1
./where_wally/wally_img_train/0(26).jpg,1
./where_wally/wally_img_train/0(27).jpg,1
./where_wally/wally_img_train/0(28).jpg,1
./where_wally/wally_img_train/0(29).jpg,1
./where_wally/wally_img_train/0(30).jpg,1
./where_wally/wally_img_train/0(31).jpg,1
./where_wally/wally_img_train/0(32).jpg,1
./where_wally/wally_img_train/0(33).jpg,1
./where_wally/wally_img_train/0(34).jpg,1
./where_wally/wally_img_train/0(35).jpg,1
./where_wally/wally_img_train/0(36).jpg,1
./where_wally/wally_img_train/0(37).jpg,1
./where_wally/wally_img_train/0(38).jpg,1
./where_wally/wally_img_train/0(39).jpg,1
./where_wally/wally_img_train/0(40).jpg,1
./where_wally/wally_img_train/0(41).jpg,1
./where_wally/wally_img_train/0(42).jpg,1
./where_wally/wally_img_train/0(43).jpg,1
./where_wally/wally_img_train/0(44).jpg,1
./where_wally/wally_img_train/0(45).jpg,1
./where_wally/wally_img_train/0(46).jpg,1
./where_wally/wally_img_train/0(47).jpg,1
./where_wally/wally_img_train/0(48).jpg,1
./where_wally/wally_img_train/0(49).jpg,1
./where_wally/wally_img_train/0(50).jpg,1
./where_wally/wally_img_train/0(51).jpg,1
./where_wally/wally_img_train/0(52).jpg,1
./where_wally/wally_img_train/0(53).jpg,1
./where_wally/wally_img_train/0(54).jpg,1
./where_wally/wally_img_train/0(55).jpg,1
./where_wally/wally_img_train/0(56).jpg,1
./where_wally/wally_img_train/0(57).jpg,1
./where_wally/wally_img_train/0(58).jpg,1
./where_wally/wally_img_train/0(59).jpg,1
./where_wally/wally_img_train/0(60).jpg,1
./where_wally/wally_img_train/0(61).jpg,1
./where_wally/wally_img_train/0(62).jpg,1
./where_wally/wally_img_train/0(63).jpg,1
./where_wally/wally_img_train/0(64).jpg,1
./where_wally/wally_img_train/0(65).jpg,1
./where_wally/wally_img_train/0(66).jpg,1
./where_wally/wally_img_train/0(67).jpg,1
./where_wally/wally_img_train/0(68).jpg,1
./where_wally/wally_img_train/0(69).jpg,1
./where_wally/wally_img_train/0(70).jpg,1
./where_wally/wally_img_train/0(71).jpg,1
./where_wally/wally_img_train/0(72).jpg,1
./where_wally/wally_img_train/0(73).jpg,1
./where_wally/wally_img_train/0(74).jpg,1
./where_wally/wally_img_train/0(75).jpg,1
./where_wally/wally_img_train/0(76).jpg,1
./where_wally/wally_img_train/0(77).jpg,1
./where_wally/wally_img_train/0(78).jpg,1
./where_wally/wally_img_train/0(79).jpg,1
./where_wally/wally_img_train/0(80).jpg,1
./where_wally/wally_img_train/0(81).jpg,1
./where_wally/wally_img_train/0(82).jpg,1
./where_wally/wally_img_train/0(83).jpg,1
./where_wally/wally_img_train/0(84).jpg,1
./where_wally/wally_img_train/0(85).jpg,1
./where_wally/wally_img_train/0(86).jpg,1
./where_wally/wally_img_train/0(87).jpg,1
./where_wally/wally_img_train/0(88).jpg,1
./where_wally/wally_img_train/0(89).jpg,1
./where_wally/wally_img_train/0(90).jpg,1
./where_wally/wally_img_train/0(91).jpg,1
./where_wally/wally_img_train/0(92).jpg,1
./where_wally/wally_img_train/0(93).jpg,1
./where_wally/wally_img_train/0(94).jpg,1
./where_wally/wally_img_train/0(95).jpg,1
./where_wally/wally_img_train/0(96).jpg,1
./where_wally/wally_img_train/0(97).jpg,1
./where_wally/wally_img_train/0(98).jpg,1
./where_wally/wally_img_train/0(99).jpg,1
./where_wally/wally_img_train/0(100).jpg,1
./where_wally/wally_img_train/1(1).jpg,1
./where_wally/wally_img_train/1(2).jpg,1
./where_wally/wally_img_train/1(3).jpg,1
./where_wally/wally_img_train/1(4).jpg,1
./where_wally/wally_img_train/1(5).jpg,1
./where_wally/wally_img_train/1(6).jpg,1
./where_wally/wally_img_train/1(7).jpg,1
./where_wally/wally_img_train/1(8).jpg,1
./where_wally/wally_img_train/1(9).jpg,1
./where_wally/wally_img_train/1(10).jpg,1
./where_wally/wally_img_train/1(11).jpg,1
./where_wally/wally_img_train/1(12).jpg,1
./where_wally/wally_img_train/1(13).jpg,1
./where_wally/wally_img_train/1(14).jpg,1
./where_wally/wally_img_train/1(15).jpg,1
./where_wally/wally_img_train/1(16).jpg,1
./where_wally/wally_img_train/1(17).jpg,1
./where_wally/wally_img_train/1(18).jpg,1
./where_wally/wally_img_train/1(19).jpg,1
./where_wally/wally_img_train/1(20).jpg,1
./where_wally/wally_img_train/1(21).jpg,1
./where_wally/wally_img_train/1(22).jpg,1
./where_wally/wally_img_train/1(23).jpg,1
./where_wally/wally_img_train/1(24).jpg,1
./where_wally/wally_img_train/1(25).jpg,1
./where_wally/wally_img_train/1(26).jpg,1
./where_wally/wally_img_train/1(27).jpg,1
./where_wally/wally_img_train/1(28).jpg,1
./where_wally/wally_img_train/1(29).jpg,1
./where_wally/wally_img_train/1(30).jpg,1
./where_wally/wally_img_train/1(31).jpg,1
./where_wally/wally_img_train/1(32).jpg,1
./where_wally/wally_img_train/1(33).jpg,1
./where_wally/wally_img_train/1(34).jpg,1
./where_wally/wally_img_train/1(35).jpg,1
./where_wally/wally_img_train/1(36).jpg,1
./where_wally/wally_img_train/1(37).jpg,1
./where_wally/wally_img_train/1(38).jpg,1
./where_wally/wally_img_train/1(39).jpg,1
./where_wally/wally_img_train/1(40).jpg,1
./where_wally/wally_img_train/1(41).jpg,1
./where_wally/wally_img_train/1(42).jpg,1
./where_wally/wally_img_train/1(43).jpg,1
./where_wally/wally_img_train/1(44).jpg,1
./where_wally/wally_img_train/1(45).jpg,1
./where_wally/wally_img_train/1(46).jpg,1
./where_wally/wally_img_train/1(47).jpg,1
./where_wally/wally_img_train/1(48).jpg,1
./where_wally/wally_img_train/1(49).jpg,1
./where_wally/wally_img_train/1(50).jpg,1
./where_wally/wally_img_train/1(51).jpg,1
./where_wally/wally_img_train/1(52).jpg,1
./where_wally/wally_img_train/1(53).jpg,1
./where_wally/wally_img_train/1(54).jpg,1
./where_wally/wally_img_train/1(55).jpg,1
./where_wally/wally_img_train/1(56).jpg,1
./where_wally/wally_img_train/1(57).jpg,1
./where_wally/wally_img_train/1(58).jpg,1
./where_wally/wally_img_train/1(59).jpg,1
./where_wally/wally_img_train/1(60).jpg,1
./where_wally/wally_img_train/1(61).jpg,1
./where_wally/wally_img_train/1(62).jpg,1
./where_wally/wally_img_train/1(63).jpg,1
./where_wally/wally_img_train/1(64).jpg,1
./where_wally/wally_img_train/1(65).jpg,1
./where_wally/wally_img_train/1(66).jpg,1
./where_wally/wally_img_train/1(67).jpg,1
./where_wally/wally_img_train/1(68).jpg,1
./where_wally/wally_img_train/1(69).jpg,1
./where_wally/wally_img_train/1(70).jpg,1
./where_wally/wally_img_train/1(71).jpg,1
./where_wally/wally_img_train/1(72).jpg,1
./where_wally/wally_img_train/1(73).jpg,1
./where_wally/wally_img_train/1(74).jpg,1
./where_wally/wally_img_train/1(75).jpg,1
./where_wally/wally_img_train/1(76).jpg,1
./where_wally/wally_img_train/1(77).jpg,1
./where_wally/wally_img_train/1(78).jpg,1
./where_wally/wally_img_train/1(79).jpg,1
./where_wally/wally_img_train/1(80).jpg,1
./where_wally/wally_img_train/1(81).jpg,1
./where_wally/wally_img_train/1(82).jpg,1
./where_wally/wally_img_train/1(83).jpg,1
./where_wally/wally_img_train/1(84).jpg,1
./where_wally/wally_img_train/1(85).jpg,1
./where_wally/wally_img_train/1(86).jpg,1
./where_wally/wally_img_train/1(87).jpg,1
./where_wally/wally_img_train/1(88).jpg,1
./where_wally/wally_img_train/1(89).jpg,1
./where_wally/wally_img_train/1(90).jpg,1
./where_wally/wally_img_train/1(91).jpg,1
./where_wally/wally_img_train/1(92).jpg,1
./where_wally/wally_img_train/1(93).jpg,1
./where_wally/wally_img_train/1(94).jpg,1
./where_wally/wally_img_train/1(95).jpg,1
./where_wally/wally_img_train/1(96).jpg,1
./where_wally/wally_img_train/1(97).jpg,1
./where_wally/wally_img_train/1(98).jpg,1
./where_wally/wally_img_train/1(99).jpg,1
./where_wally/wally_img_train/1(100).jpg,1
./where_wally/wally_img_train/2(1).jpg,1
./where_wally/wally_img_train/2(2).jpg,1
./where_wally/wally_img_train/2(3).jpg,1
./where_wally/wally_img_train/2(4).jpg,1
./where_wally/wally_img_train/2(5).jpg,1
./where_wally/wally_img_train/2(6).jpg,1
./where_wally/wally_img_train/2(7).jpg,1
./where_wally/wally_img_train/2(8).jpg,1
./where_wally/wally_img_train/2(9).jpg,1
./where_wally/wally_img_train/2(10).jpg,1
./where_wally/wally_img_train/2(11).jpg,1
./where_wally/wally_img_train/2(12).jpg,1
./where_wally/wally_img_train/2(13).jpg,1
./where_wally/wally_img_train/2(14).jpg,1
./where_wally/wally_img_train/2(15).jpg,1
./where_wally/wally_img_train/2(16).jpg,1
./where_wally/wally_img_train/2(17).jpg,1
./where_wally/wally_img_train/2(18).jpg,1
./where_wally/wally_img_train/2(19).jpg,1
./where_wally/wally_img_train/2(20).jpg,1
./where_wally/wally_img_train/2(21).jpg,1
./where_wally/wally_img_train/2(22).jpg,1
./where_wally/wally_img_train/2(23).jpg,1
./where_wally/wally_img_train/2(24).jpg,1
./where_wally/wally_img_train/2(25).jpg,1
./where_wally/wally_img_train/2(26).jpg,1
./where_wally/wally_img_train/2(27).jpg,1
./where_wally/wally_img_train/2(28).jpg,1
./where_wally/wally_img_train/2(29).jpg,1
./where_wally/wally_img_train/2(30).jpg,1
./where_wally/wally_img_train/2(31).jpg,1
./where_wally/wally_img_train/2(32).jpg,1
./where_wally/wally_img_train/2(33).jpg,1
./where_wally/wally_img_train/2(34).jpg,1
./where_wally/wally_img_train/2(35).jpg,1
./where_wally/wally_img_train/2(36).jpg,1
./where_wally/wally_img_train/2(37).jpg,1
./where_wally/wally_img_train/2(38).jpg,1
./where_wally/wally_img_train/2(39).jpg,1
./where_wally/wally_img_train/2(40).jpg,1
./where_wally/wally_img_train/2(41).jpg,1
./where_wally/wally_img_train/2(42).jpg,1
./where_wally/wally_img_train/2(43).jpg,1
./where_wally/wally_img_train/2(44).jpg,1
./where_wally/wally_img_train/2(45).jpg,1
./where_wally/wally_img_train/2(46).jpg,1
./where_wally/wally_img_train/2(47).jpg,1
./where_wally/wally_img_train/2(48).jpg,1
./where_wally/wally_img_train/2(49).jpg,1
./where_wally/wally_img_train/2(50).jpg,1
./where_wally/wally_img_train/2(51).jpg,1
./where_wally/wally_img_train/2(52).jpg,1
./where_wally/wally_img_train/2(53).jpg,1
./where_wally/wally_img_train/2(54).jpg,1
./where_wally/wally_img_train/2(55).jpg,1
./where_wally/wally_img_train/2(56).jpg,1
./where_wally/wally_img_train/2(57).jpg,1
./where_wally/wally_img_train/2(58).jpg,1
./where_wally/wally_img_train/2(59).jpg,1
./where_wally/wally_img_train/2(60).jpg,1
./where_wally/wally_img_train/2(61).jpg,1
./where_wally/wally_img_train/2(62).jpg,1
./where_wally/wally_img_train/2(63).jpg,1
./where_wally/wally_img_train/2(64).jpg,1
./where_wally/wally_img_train/2(65).jpg,1
./where_wally/wally_img_train/2(66).jpg,1
./where_wally/wally_img_train/2(67).jpg,1
./where_wally/wally_img_train/2(68).jpg,1
./where_wally/wally_img_train/2(69).jpg,1
./where_wally/wally_img_train/2(70).jpg,1
./where_wally/wally_img_train/2(71).jpg,1
./where_wally/wally_img_train/2(72).jpg,1
./where_wally/wally_img_train/2(73).jpg,1
./where_wally/wally_img_train/2(74).jpg,1
./where_wally/wally_img_train/2(75).jpg,1
./where_wally/wally_img_train/2(76).jpg,1
./where_wally/wally_img_train/2(77).jpg,1
./where_wally/wally_img_train/2(78).jpg,1
./where_wally/wally_img_train/2(79).jpg,1
./where_wally/wally_img_train/2(80).jpg,1
./where_wally/wally_img_train/2(81).jpg,1
./where_wally/wally_img_train/2(82).jpg,1
./where_wally/wally_img_train/2(83).jpg,1
./where_wally/wally_img_train/2(84).jpg,1
./where_wally/wally_img_train/2(85).jpg,1
./where_wally/wally_img_train/2(86).jpg,1
./where_wally/wally_img_train/2(87).jpg,1
./where_wally/wally_img_train/2(88).jpg,1
./where_wally/wally_img_train/2(89).jpg,1
./where_wally/wally_img_train/2(90).jpg,1
./where_wally/wally_img_train/2(91).jpg,1
./where_wally/wally_img_train/2(92).jpg,1
./where_wally/wally_img_train/2(93).jpg,1
./where_wally/wally_img_train/2(94).jpg,1
./where_wally/wally_img_train/2(95).jpg,1
./where_wally/wally_img_train/2(96).jpg,1
./where_wally/wally_img_train/2(97).jpg,1
./where_wally/wally_img_train/2(98).jpg,1
./where_wally/wally_img_train/2(99).jpg,1
./where_wally/wally_img_train/2(100).jpg,1
./where_wally/wally_img_train/3(1).jpg,1
./where_wally/wally_img_train/3(2).jpg,1
./where_wally/wally_img_train/3(3).jpg,1
./where_wally/wally_img_train/3(4).jpg,1
./where_wally/wally_img_train/3(5).jpg,1
./where_wally/wally_img_train/3(6).jpg,1
./where_wally/wally_img_train/3(7).jpg,1
./where_wally/wally_img_train/3(8).jpg,1
./where_wally/wally_img_train/3(9).jpg,1
./where_wally/wally_img_train/3(10).jpg,1
./where_wally/wally_img_train/3(11).jpg,1
./where_wally/wally_img_train/3(12).jpg,1
./where_wally/wally_img_train/3(13).jpg,1
./where_wally/wally_img_train/3(14).jpg,1
./where_wally/wally_img_train/3(15).jpg,1
./where_wally/wally_img_train/3(16).jpg,1
./where_wally/wally_img_train/3(17).jpg,1
./where_wally/wally_img_train/3(18).jpg,1
./where_wally/wally_img_train/3(19).jpg,1
./where_wally/wally_img_train/3(20).jpg,1
./where_wally/wally_img_train/3(21).jpg,1
./where_wally/wally_img_train/3(22).jpg,1
./where_wally/wally_img_train/3(23).jpg,1
./where_wally/wally_img_train/3(24).jpg,1
./where_wally/wally_img_train/3(25).jpg,1
./where_wally/wally_img_train/3(26).jpg,1
./where_wally/wally_img_train/3(27).jpg,1
./where_wally/wally_img_train/3(28).jpg,1
./where_wally/wally_img_train/3(29).jpg,1
./where_wally/wally_img_train/3(30).jpg,1
./where_wally/wally_img_train/3(31).jpg,1
./where_wally/wally_img_train/3(32).jpg,1
./where_wally/wally_img_train/3(33).jpg,1
./where_wally/wally_img_train/3(34).jpg,1
./where_wally/wally_img_train/3(35).jpg,1
./where_wally/wally_img_train/3(36).jpg,1
./where_wally/wally_img_train/3(37).jpg,1
./where_wally/wally_img_train/3(38).jpg,1
./where_wally/wally_img_train/3(39).jpg,1
./where_wally/wally_img_train/3(40).jpg,1
./where_wally/wally_img_train/3(41).jpg,1
./where_wally/wally_img_train/3(42).jpg,1
./where_wally/wally_img_train/3(43).jpg,1
./where_wally/wally_img_train/3(44).jpg,1
./where_wally/wally_img_train/3(45).jpg,1
./where_wally/wally_img_train/3(46).jpg,1
./where_wally/wally_img_train/3(47).jpg,1
./where_wally/wally_img_train/3(48).jpg,1
./where_wally/wally_img_train/3(49).jpg,1
./where_wally/wally_img_train/3(50).jpg,1
./where_wally/wally_img_train/3(51).jpg,1
./where_wally/wally_img_train/3(52).jpg,1
./where_wally/wally_img_train/3(53).jpg,1
./where_wally/wally_img_train/3(54).jpg,1
./where_wally/wally_img_train/3(55).jpg,1
./where_wally/wally_img_train/3(56).jpg,1
./where_wally/wally_img_train/3(57).jpg,1
./where_wally/wally_img_train/3(58).jpg,1
./where_wally/wally_img_train/3(59).jpg,1
./where_wally/wally_img_train/3(60).jpg,1
./where_wally/wally_img_train/3(61).jpg,1
./where_wally/wally_img_train/3(62).jpg,1
./where_wally/wally_img_train/3(63).jpg,1
./where_wally/wally_img_train/3(64).jpg,1
./where_wally/wally_img_train/3(65).jpg,1
./where_wally/wally_img_train/3(66).jpg,1
./where_wally/wally_img_train/3(67).jpg,1
./where_wally/wally_img_train/3(68).jpg,1
./where_wally/wally_img_train/3(69).jpg,1
./where_wally/wally_img_train/3(70).jpg,1
./where_wally/wally_img_train/3(71).jpg,1
./where_wally/wally_img_train/3(72).jpg,1
./where_wally/wally_img_train/3(73).jpg,1
./where_wally/wally_img_train/3(74).jpg,1
./where_wally/wally_img_train/3(75).jpg,1
./where_wally/wally_img_train/3(76).jpg,1
./where_wally/wally_img_train/3(77).jpg,1
./where_wally/wally_img_train/3(78).jpg,1
./where_wally/wally_img_train/3(79).jpg,1
./where_wally/wally_img_train/3(80).jpg,1
./where_wally/wally_img_train/3(81).jpg,1
./where_wally/wally_img_train/3(82).jpg,1
./where_wally/wally_img_train/3(83).jpg,1
./where_wally/wally_img_train/3(84).jpg,1
./where_wally/wally_img_train/3(85).jpg,1
./where_wally/wally_img_train/3(86).jpg,1
./where_wally/wally_img_train/3(87).jpg,1
./where_wally/wally_img_train/3(88).jpg,1
./where_wally/wally_img_train/3(89).jpg,1
./where_wally/wally_img_train/3(90).jpg,1
./where_wally/wally_img_train/3(91).jpg,1
./where_wally/wally_img_train/3(92).jpg,1
./where_wally/wally_img_train/3(93).jpg,1
./where_wally/wally_img_train/3(94).jpg,1
./where_wally/wally_img_train/3(95).jpg,1
./where_wally/wally_img_train/3(96).jpg,1
./where_wally/wally_img_train/3(97).jpg,1
./where_wally/wally_img_train/3(98).jpg,1
./where_wally/wally_img_train/3(99).jpg,1
./where_wally/wally_img_train/3(100).jpg,1
./where_wally/wally_img_train/4(1).jpg,1
./where_wally/wally_img_train/4(2).jpg,1
./where_wally/wally_img_train/4(3).jpg,1
./where_wally/wally_img_train/4(4).jpg,1
./where_wally/wally_img_train/4(5).jpg,1
./where_wally/wally_img_train/4(6).jpg,1
./where_wally/wally_img_train/4(7).jpg,1
./where_wally/wally_img_train/4(8).jpg,1
./where_wally/wally_img_train/4(9).jpg,1
./where_wally/wally_img_train/4(10).jpg,1
./where_wally/wally_img_train/4(11).jpg,1
./where_wally/wally_img_train/4(12).jpg,1
./where_wally/wally_img_train/4(13).jpg,1
./where_wally/wally_img_train/4(14).jpg,1
./where_wally/wally_img_train/4(15).jpg,1
./where_wally/wally_img_train/4(16).jpg,1
./where_wally/wally_img_train/4(17).jpg,1
./where_wally/wally_img_train/4(18).jpg,1
./where_wally/wally_img_train/4(19).jpg,1
./where_wally/wally_img_train/4(20).jpg,1
./where_wally/wally_img_train/4(21).jpg,1
./where_wally/wally_img_train/4(22).jpg,1
./where_wally/wally_img_train/4(23).jpg,1
./where_wally/wally_img_train/4(24).jpg,1
./where_wally/wally_img_train/4(25).jpg,1
./where_wally/wally_img_train/4(26).jpg,1
./where_wally/wally_img_train/4(27).jpg,1
./where_wally/wally_img_train/4(28).jpg,1
./where_wally/wally_img_train/4(29).jpg,1
./where_wally/wally_img_train/4(30).jpg,1
./where_wally/wally_img_train/4(31).jpg,1
./where_wally/wally_img_train/4(32).jpg,1
./where_wally/wally_img_train/4(33).jpg,1
./where_wally/wally_img_train/4(34).jpg,1
./where_wally/wally_img_train/4(35).jpg,1
./where_wally/wally_img_train/4(36).jpg,1
./where_wally/wally_img_train/4(37).jpg,1
./where_wally/wally_img_train/4(38).jpg,1
./where_wally/wally_img_train/4(39).jpg,1
./where_wally/wally_img_train/4(40).jpg,1
./where_wally/wally_img_train/4(41).jpg,1
./where_wally/wally_img_train/4(42).jpg,1
./where_wally/wally_img_train/4(43).jpg,1
./where_wally/wally_img_train/4(44).jpg,1
./where_wally/wally_img_train/4(45).jpg,1
./where_wally/wally_img_train/4(46).jpg,1
./where_wally/wally_img_train/4(47).jpg,1
./where_wally/wally_img_train/4(48).jpg,1
./where_wally/wally_img_train/4(49).jpg,1
./where_wally/wally_img_train/4(50).jpg,1
./where_wally/wally_img_train/4(51).jpg,1
./where_wally/wally_img_train/4(52).jpg,1
./where_wally/wally_img_train/4(53).jpg,1
./where_wally/wally_img_train/4(54).jpg,1
./where_wally/wally_img_train/4(55).jpg,1
./where_wally/wally_img_train/4(56).jpg,1
./where_wally/wally_img_train/4(57).jpg,1
./where_wally/wally_img_train/4(58).jpg,1
./where_wally/wally_img_train/4(59).jpg,1
./where_wally/wally_img_train/4(60).jpg,1
./where_wally/wally_img_train/4(61).jpg,1
./where_wally/wally_img_train/4(62).jpg,1
./where_wally/wally_img_train/4(63).jpg,1
./where_wally/wally_img_train/4(64).jpg,1
./where_wally/wally_img_train/4(65).jpg,1
./where_wally/wally_img_train/4(66).jpg,1
./where_wally/wally_img_train/4(67).jpg,1
./where_wally/wally_img_train/4(68).jpg,1
./where_wally/wally_img_train/4(69).jpg,1
./where_wally/wally_img_train/4(70).jpg,1
./where_wally/wally_img_train/4(71).jpg,1
./where_wally/wally_img_train/4(72).jpg,1
./where_wally/wally_img_train/4(73).jpg,1
./where_wally/wally_img_train/4(74).jpg,1
./where_wally/wally_img_train/4(75).jpg,1
./where_wally/wally_img_train/4(76).jpg,1
./where_wally/wally_img_train/4(77).jpg,1
./where_wally/wally_img_train/4(78).jpg,1
./where_wally/wally_img_train/4(79).jpg,1
./where_wally/wally_img_train/4(80).jpg,1
./where_wally/wally_img_train/4(81).jpg,1
./where_wally/wally_img_train/4(82).jpg,1
./where_wally/wally_img_train/4(83).jpg,1
./where_wally/wally_img_train/4(84).jpg,1
./where_wally/wally_img_train/4(85).jpg,1
./where_wally/wally_img_train/4(86).jpg,1
./where_wally/wally_img_train/4(87).jpg,1
./where_wally/wally_img_train/4(88).jpg,1
./where_wally/wally_img_train/4(89).jpg,1
./where_wally/wally_img_train/4(90).jpg,1
./where_wally/wally_img_train/4(91).jpg,1
./where_wally/wally_img_train/4(92).jpg,1
./where_wally/wally_img_train/4(93).jpg,1
./where_wally/wally_img_train/4(94).jpg,1
./where_wally/wally_img_train/4(95).jpg,1
./where_wally/wally_img_train/4(96).jpg,1
./where_wally/wally_img_train/4(97).jpg,1
./where_wally/wally_img_train/4(98).jpg,1
./where_wally/wally_img_train/4(99).jpg,1
./where_wally/wally_img_train/4(100).jpg,1
./where_wally/wally_img_train/5(1).jpg,1
./where_wally/wally_img_train/5(2).jpg,1
./where_wally/wally_img_train/5(3).jpg,1
./where_wally/wally_img_train/5(4).jpg,1
./where_wally/wally_img_train/5(5).jpg,1
./where_wally/wally_img_train/5(6).jpg,1
./where_wally/wally_img_train/5(7).jpg,1
./where_wally/wally_img_train/5(8).jpg,1
./where_wally/wally_img_train/5(9).jpg,1
./where_wally/wally_img_train/5(10).jpg,1
./where_wally/wally_img_train/5(11).jpg,1
./where_wally/wally_img_train/5(12).jpg,1
./where_wally/wally_img_train/5(13).jpg,1
./where_wally/wally_img_train/5(14).jpg,1
./where_wally/wally_img_train/5(15).jpg,1
./where_wally/wally_img_train/5(16).jpg,1
./where_wally/wally_img_train/5(17).jpg,1
./where_wally/wally_img_train/5(18).jpg,1
./where_wally/wally_img_train/5(19).jpg,1
./where_wally/wally_img_train/5(20).jpg,1
./where_wally/wally_img_train/5(21).jpg,1
./where_wally/wally_img_train/5(22).jpg,1
./where_wally/wally_img_train/5(23).jpg,1
./where_wally/wally_img_train/5(24).jpg,1
./where_wally/wally_img_train/5(25).jpg,1
./where_wally/wally_img_train/5(26).jpg,1
./where_wally/wally_img_train/5(27).jpg,1
./where_wally/wally_img_train/5(28).jpg,1
./where_wally/wally_img_train/5(29).jpg,1
./where_wally/wally_img_train/5(30).jpg,1
./where_wally/wally_img_train/5(31).jpg,1
./where_wally/wally_img_train/5(32).jpg,1
./where_wally/wally_img_train/5(33).jpg,1
./where_wally/wally_img_train/5(34).jpg,1
./where_wally/wally_img_train/5(35).jpg,1
./where_wally/wally_img_train/5(36).jpg,1
./where_wally/wally_img_train/5(37).jpg,1
./where_wally/wally_img_train/5(38).jpg,1
./where_wally/wally_img_train/5(39).jpg,1
./where_wally/wally_img_train/5(40).jpg,1
./where_wally/wally_img_train/5(41).jpg,1
./where_wally/wally_img_train/5(42).jpg,1
./where_wally/wally_img_train/5(43).jpg,1
./where_wally/wally_img_train/5(44).jpg,1
./where_wally/wally_img_train/5(45).jpg,1
./where_wally/wally_img_train/5(46).jpg,1
./where_wally/wally_img_train/5(47).jpg,1
./where_wally/wally_img_train/5(48).jpg,1
./where_wally/wally_img_train/5(49).jpg,1
./where_wally/wally_img_train/5(50).jpg,1
./where_wally/wally_img_train/5(51).jpg,1
./where_wally/wally_img_train/5(52).jpg,1
./where_wally/wally_img_train/5(53).jpg,1
./where_wally/wally_img_train/5(54).jpg,1
./where_wally/wally_img_train/5(55).jpg,1
./where_wally/wally_img_train/5(56).jpg,1
./where_wally/wally_img_train/5(57).jpg,1
./where_wally/wally_img_train/5(58).jpg,1
./where_wally/wally_img_train/5(59).jpg,1
./where_wally/wally_img_train/5(60).jpg,1
./where_wally/wally_img_train/5(61).jpg,1
./where_wally/wally_img_train/5(62).jpg,1
./where_wally/wally_img_train/5(63).jpg,1
./where_wally/wally_img_train/5(64).jpg,1
./where_wally/wally_img_train/5(65).jpg,1
./where_wally/wally_img_train/5(66).jpg,1
./where_wally/wally_img_train/5(67).jpg,1
./where_wally/wally_img_train/5(68).jpg,1
./where_wally/wally_img_train/5(69).jpg,1
./where_wally/wally_img_train/5(70).jpg,1
./where_wally/wally_img_train/5(71).jpg,1
./where_wally/wally_img_train/5(72).jpg,1
./where_wally/wally_img_train/5(73).jpg,1
./where_wally/wally_img_train/5(74).jpg,1
./where_wally/wally_img_train/5(75).jpg,1
./where_wally/wally_img_train/5(76).jpg,1
./where_wally/wally_img_train/5(77).jpg,1
./where_wally/wally_img_train/5(78).jpg,1
./where_wally/wally_img_train/5(79).jpg,1
./where_wally/wally_img_train/5(80).jpg,1
./where_wally/wally_img_train/5(81).jpg,1
./where_wally/wally_img_train/5(82).jpg,1
./where_wally/wally_img_train/5(83).jpg,1
./where_wally/wally_img_train/5(84).jpg,1
./where_wally/wally_img_train/5(85).jpg,1
./where_wally/wally_img_train/5(86).jpg,1
./where_wally/wally_img_train/5(87).jpg,1
./where_wally/wally_img_train/5(88).jpg,1
./where_wally/wally_img_train/5(89).jpg,1
./where_wally/wally_img_train/5(90).jpg,1
./where_wally/wally_img_train/5(91).jpg,1
./where_wally/wally_img_train/5(92).jpg,1
./where_wally/wally_img_train/5(93).jpg,1
./where_wally/wally_img_train/5(94).jpg,1
./where_wally/wally_img_train/5(95).jpg,1
./where_wally/wally_img_train/5(96).jpg,1
./where_wally/wally_img_train/5(97).jpg,1
./where_wally/wally_img_train/5(98).jpg,1
./where_wally/wally_img_train/5(99).jpg,1
./where_wally/wally_img_train/5(100).jpg,1
./where_wally/wally_img_train/6(1).jpg,1
./where_wally/wally_img_train/6(2).jpg,1
./where_wally/wally_img_train/6(3).jpg,1
./where_wally/wally_img_train/6(4).jpg,1
./where_wally/wally_img_train/6(5).jpg,1
./where_wally/wally_img_train/6(6).jpg,1
./where_wally/wally_img_train/6(7).jpg,1
./where_wally/wally_img_train/6(8).jpg,1
./where_wally/wally_img_train/6(9).jpg,1
./where_wally/wally_img_train/6(10).jpg,1
./where_wally/wally_img_train/6(11).jpg,1
./where_wally/wally_img_train/6(12).jpg,1
./where_wally/wally_img_train/6(13).jpg,1
./where_wally/wally_img_train/6(14).jpg,1
./where_wally/wally_img_train/6(15).jpg,1
./where_wally/wally_img_train/6(16).jpg,1
./where_wally/wally_img_train/6(17).jpg,1
./where_wally/wally_img_train/6(18).jpg,1
./where_wally/wally_img_train/6(19).jpg,1
./where_wally/wally_img_train/6(20).jpg,1
./where_wally/wally_img_train/6(21).jpg,1
./where_wally/wally_img_train/6(22).jpg,1
./where_wally/wally_img_train/6(23).jpg,1
./where_wally/wally_img_train/6(24).jpg,1
./where_wally/wally_img_train/6(25).jpg,1
./where_wally/wally_img_train/6(26).jpg,1
./where_wally/wally_img_train/6(27).jpg,1
./where_wally/wally_img_train/6(28).jpg,1
./where_wally/wally_img_train/6(29).jpg,1
./where_wally/wally_img_train/6(30).jpg,1
./where_wally/wally_img_train/6(31).jpg,1
./where_wally/wally_img_train/6(32).jpg,1
./where_wally/wally_img_train/6(33).jpg,1
./where_wally/wally_img_train/6(34).jpg,1
./where_wally/wally_img_train/6(35).jpg,1
./where_wally/wally_img_train/6(36).jpg,1
./where_wally/wally_img_train/6(37).jpg,1
./where_wally/wally_img_train/6(38).jpg,1
./where_wally/wally_img_train/6(39).jpg,1
./where_wally/wally_img_train/6(40).jpg,1
./where_wally/wally_img_train/6(41).jpg,1
./where_wally/wally_img_train/6(42).jpg,1
./where_wally/wally_img_train/6(43).jpg,1
./where_wally/wally_img_train/6(44).jpg,1
./where_wally/wally_img_train/6(45).jpg,1
./where_wally/wally_img_train/6(46).jpg,1
./where_wally/wally_img_train/6(47).jpg,1
./where_wally/wally_img_train/6(48).jpg,1
./where_wally/wally_img_train/6(49).jpg,1
./where_wally/wally_img_train/6(50).jpg,1
./where_wally/wally_img_train/6(51).jpg,1
./where_wally/wally_img_train/6(52).jpg,1
./where_wally/wally_img_train/6(53).jpg,1
./where_wally/wally_img_train/6(54).jpg,1
./where_wally/wally_img_train/6(55).jpg,1
./where_wally/wally_img_train/6(56).jpg,1
./where_wally/wally_img_train/6(57).jpg,1
./where_wally/wally_img_train/6(58).jpg,1
./where_wally/wally_img_train/6(59).jpg,1
./where_wally/wally_img_train/6(60).jpg,1
./where_wally/wally_img_train/6(61).jpg,1
./where_wally/wally_img_train/6(62).jpg,1
./where_wally/wally_img_train/6(63).jpg,1
./where_wally/wally_img_train/6(64).jpg,1
./where_wally/wally_img_train/6(65).jpg,1
./where_wally/wally_img_train/6(66).jpg,1
./where_wally/wally_img_train/6(67).jpg,1
./where_wally/wally_img_train/6(68).jpg,1
./where_wally/wally_img_train/6(69).jpg,1
./where_wally/wally_img_train/6(70).jpg,1
./where_wally/wally_img_train/6(71).jpg,1
./where_wally/wally_img_train/6(72).jpg,1
./where_wally/wally_img_train/6(73).jpg,1
./where_wally/wally_img_train/6(74).jpg,1
./where_wally/wally_img_train/6(75).jpg,1
./where_wally/wally_img_train/6(76).jpg,1
./where_wally/wally_img_train/6(77).jpg,1
./where_wally/wally_img_train/6(78).jpg,1
./where_wally/wally_img_train/6(79).jpg,1
./where_wally/wally_img_train/6(80).jpg,1
./where_wally/wally_img_train/6(81).jpg,1
./where_wally/wally_img_train/6(82).jpg,1
./where_wally/wally_img_train/6(83).jpg,1
./where_wally/wally_img_train/6(84).jpg,1
./where_wally/wally_img_train/6(85).jpg,1
./where_wally/wally_img_train/6(86).jpg,1
./where_wally/wally_img_train/6(87).jpg,1
./where_wally/wally_img_train/6(88).jpg,1
./where_wally/wally_img_train/6(89).jpg,1
./where_wally/wally_img_train/6(90).jpg,1
./where_wally/wally_img_train/6(91).jpg,1
./where_wally/wally_img_train/6(92).jpg,1
./where_wally/wally_img_train/6(93).jpg,1
./where_wally/wally_img_train/6(94).jpg,1
./where_wally/wally_img_train/6(95).jpg,1
./where_wally/wally_img_train/6(96).jpg,1
./where_wally/wally_img_train/6(97).jpg,1
./where_wally/wally_img_train/6(98).jpg,1
./where_wally/wally_img_train/6(99).jpg,1
./where_wally/wally_img_train/6(100).jpg,1
./where_wally/wally_img_train/7(1).jpg,1
./where_wally/wally_img_train/7(2).jpg,1
./where_wally/wally_img_train/7(3).jpg,1
./where_wally/wally_img_train/7(4).jpg,1
./where_wally/wally_img_train/7(5).jpg,1
./where_wally/wally_img_train/7(6).jpg,1
./where_wally/wally_img_train/7(7).jpg,1
./where_wally/wally_img_train/7(8).jpg,1
./where_wally/wally_img_train/7(9).jpg,1
./where_wally/wally_img_train/7(10).jpg,1
./where_wally/wally_img_train/7(11).jpg,1
./where_wally/wally_img_train/7(12).jpg,1
./where_wally/wally_img_train/7(13).jpg,1
./where_wally/wally_img_train/7(14).jpg,1
./where_wally/wally_img_train/7(15).jpg,1
./where_wally/wally_img_train/7(16).jpg,1
./where_wally/wally_img_train/7(17).jpg,1
./where_wally/wally_img_train/7(18).jpg,1
./where_wally/wally_img_train/7(19).jpg,1
./where_wally/wally_img_train/7(20).jpg,1
./where_wally/wally_img_train/7(21).jpg,1
./where_wally/wally_img_train/7(22).jpg,1
./where_wally/wally_img_train/7(23).jpg,1
./where_wally/wally_img_train/7(24).jpg,1
./where_wally/wally_img_train/7(25).jpg,1
./where_wally/wally_img_train/7(26).jpg,1
./where_wally/wally_img_train/7(27).jpg,1
./where_wally/wally_img_train/7(28).jpg,1
./where_wally/wally_img_train/7(29).jpg,1
./where_wally/wally_img_train/7(30).jpg,1
./where_wally/wally_img_train/7(31).jpg,1
./where_wally/wally_img_train/7(32).jpg,1
./where_wally/wally_img_train/7(33).jpg,1
./where_wally/wally_img_train/7(34).jpg,1
./where_wally/wally_img_train/7(35).jpg,1
./where_wally/wally_img_train/7(36).jpg,1
./where_wally/wally_img_train/7(37).jpg,1
./where_wally/wally_img_train/7(38).jpg,1
./where_wally/wally_img_train/7(39).jpg,1
./where_wally/wally_img_train/7(40).jpg,1
./where_wally/wally_img_train/7(41).jpg,1
./where_wally/wally_img_train/7(42).jpg,1
./where_wally/wally_img_train/7(43).jpg,1
./where_wally/wally_img_train/7(44).jpg,1
./where_wally/wally_img_train/7(45).jpg,1
./where_wally/wally_img_train/7(46).jpg,1
./where_wally/wally_img_train/7(47).jpg,1
./where_wally/wally_img_train/7(48).jpg,1
./where_wally/wally_img_train/7(49).jpg,1
./where_wally/wally_img_train/7(50).jpg,1
./where_wally/wally_img_train/7(51).jpg,1
./where_wally/wally_img_train/7(52).jpg,1
./where_wally/wally_img_train/7(53).jpg,1
./where_wally/wally_img_train/7(54).jpg,1
./where_wally/wally_img_train/7(55).jpg,1
./where_wally/wally_img_train/7(56).jpg,1
./where_wally/wally_img_train/7(57).jpg,1
./where_wally/wally_img_train/7(58).jpg,1
./where_wally/wally_img_train/7(59).jpg,1
./where_wally/wally_img_train/7(60).jpg,1
./where_wally/wally_img_train/7(61).jpg,1
./where_wally/wally_img_train/7(62).jpg,1
./where_wally/wally_img_train/7(63).jpg,1
./where_wally/wally_img_train/7(64).jpg,1
./where_wally/wally_img_train/7(65).jpg,1
./where_wally/wally_img_train/7(66).jpg,1
./where_wally/wally_img_train/7(67).jpg,1
./where_wally/wally_img_train/7(68).jpg,1
./where_wally/wally_img_train/7(69).jpg,1
./where_wally/wally_img_train/7(70).jpg,1
./where_wally/wally_img_train/7(71).jpg,1
./where_wally/wally_img_train/7(72).jpg,1
./where_wally/wally_img_train/7(73).jpg,1
./where_wally/wally_img_train/7(74).jpg,1
./where_wally/wally_img_train/7(75).jpg,1
./where_wally/wally_img_train/7(76).jpg,1
./where_wally/wally_img_train/7(77).jpg,1
./where_wally/wally_img_train/7(78).jpg,1
./where_wally/wally_img_train/7(79).jpg,1
./where_wally/wally_img_train/7(80).jpg,1
./where_wally/wally_img_train/7(81).jpg,1
./where_wally/wally_img_train/7(82).jpg,1
./where_wally/wally_img_train/7(83).jpg,1
./where_wally/wally_img_train/7(84).jpg,1
./where_wally/wally_img_train/7(85).jpg,1
./where_wally/wally_img_train/7(86).jpg,1
./where_wally/wally_img_train/7(87).jpg,1
./where_wally/wally_img_train/7(88).jpg,1
./where_wally/wally_img_train/7(89).jpg,1
./where_wally/wally_img_train/7(90).jpg,1
./where_wally/wally_img_train/7(91).jpg,1
./where_wally/wally_img_train/7(92).jpg,1
./where_wally/wally_img_train/7(93).jpg,1
./where_wally/wally_img_train/7(94).jpg,1
./where_wally/wally_img_train/7(95).jpg,1
./where_wally/wally_img_train/7(96).jpg,1
./where_wally/wally_img_train/7(97).jpg,1
./where_wally/wally_img_train/7(98).jpg,1
./where_wally/wally_img_train/7(99).jpg,1
./where_wally/wally_img_train/7(100).jpg,1
./where_wally/wally_img_train/8(1).jpg,1
./where_wally/wally_img_train/8(2).jpg,1
./where_wally/wally_img_train/8(3).jpg,1
./where_wally/wally_img_train/8(4).jpg,1
./where_wally/wally_img_train/8(5).jpg,1
./where_wally/wally_img_train/8(6).jpg,1
./where_wally/wally_img_train/8(7).jpg,1
./where_wally/wally_img_train/8(8).jpg,1
./where_wally/wally_img_train/8(9).jpg,1
./where_wally/wally_img_train/8(10).jpg,1
./where_wally/wally_img_train/8(11).jpg,1
./where_wally/wally_img_train/8(12).jpg,1
./where_wally/wally_img_train/8(13).jpg,1
./where_wally/wally_img_train/8(14).jpg,1
./where_wally/wally_img_train/8(15).jpg,1
./where_wally/wally_img_train/8(16).jpg,1
./where_wally/wally_img_train/8(17).jpg,1
./where_wally/wally_img_train/8(18).jpg,1
./where_wally/wally_img_train/8(19).jpg,1
./where_wally/wally_img_train/8(20).jpg,1
./where_wally/wally_img_train/8(21).jpg,1
./where_wally/wally_img_train/8(22).jpg,1
./where_wally/wally_img_train/8(23).jpg,1
./where_wally/wally_img_train/8(24).jpg,1
./where_wally/wally_img_train/8(25).jpg,1
./where_wally/wally_img_train/8(26).jpg,1
./where_wally/wally_img_train/8(27).jpg,1
./where_wally/wally_img_train/8(28).jpg,1
./where_wally/wally_img_train/8(29).jpg,1
./where_wally/wally_img_train/8(30).jpg,1
./where_wally/wally_img_train/8(31).jpg,1
./where_wally/wally_img_train/8(32).jpg,1
./where_wally/wally_img_train/8(33).jpg,1
./where_wally/wally_img_train/8(34).jpg,1
./where_wally/wally_img_train/8(35).jpg,1
./where_wally/wally_img_train/8(36).jpg,1
./where_wally/wally_img_train/8(37).jpg,1
./where_wally/wally_img_train/8(38).jpg,1
./where_wally/wally_img_train/8(39).jpg,1
./where_wally/wally_img_train/8(40).jpg,1
./where_wally/wally_img_train/8(41).jpg,1
./where_wally/wally_img_train/8(42).jpg,1
./where_wally/wally_img_train/8(43).jpg,1
./where_wally/wally_img_train/8(44).jpg,1
./where_wally/wally_img_train/8(45).jpg,1
./where_wally/wally_img_train/8(46).jpg,1
./where_wally/wally_img_train/8(47).jpg,1
./where_wally/wally_img_train/8(48).jpg,1
./where_wally/wally_img_train/8(49).jpg,1
./where_wally/wally_img_train/8(50).jpg,1
./where_wally/wally_img_train/8(51).jpg,1
./where_wally/wally_img_train/8(52).jpg,1
./where_wally/wally_img_train/8(53).jpg,1
./where_wally/wally_img_train/8(54).jpg,1
./where_wally/wally_img_train/8(55).jpg,1
./where_wally/wally_img_train/8(56).jpg,1
./where_wally/wally_img_train/8(57).jpg,1
./where_wally/wally_img_train/8(58).jpg,1
./where_wally/wally_img_train/8(59).jpg,1
./where_wally/wally_img_train/8(60).jpg,1
./where_wally/wally_img_train/8(61).jpg,1
./where_wally/wally_img_train/8(62).jpg,1
./where_wally/wally_img_train/8(63).jpg,1
./where_wally/wally_img_train/8(64).jpg,1
./where_wally/wally_img_train/8(65).jpg,1
./where_wally/wally_img_train/8(66).jpg,1
./where_wally/wally_img_train/8(67).jpg,1
./where_wally/wally_img_train/8(68).jpg,1
./where_wally/wally_img_train/8(69).jpg,1
./where_wally/wally_img_train/8(70).jpg,1
./where_wally/wally_img_train/8(71).jpg,1
./where_wally/wally_img_train/8(72).jpg,1
./where_wally/wally_img_train/8(73).jpg,1
./where_wally/wally_img_train/8(74).jpg,1
./where_wally/wally_img_train/8(75).jpg,1
./where_wally/wally_img_train/8(76).jpg,1
./where_wally/wally_img_train/8(77).jpg,1
./where_wally/wally_img_train/8(78).jpg,1
./where_wally/wally_img_train/8(79).jpg,1
./where_wally/wally_img_train/8(80).jpg,1
./where_wally/wally_img_train/8(81).jpg,1
./where_wally/wally_img_train/8(82).jpg,1
./where_wally/wally_img_train/8(83).jpg,1
./where_wally/wally_img_train/8(84).jpg,1
./where_wally/wally_img_train/8(85).jpg,1
./where_wally/wally_img_train/8(86).jpg,1
./where_wally/wally_img_train/8(87).jpg,1
./where_wally/wally_img_train/8(88).jpg,1
./where_wally/wally_img_train/8(89).jpg,1
./where_wally/wally_img_train/8(90).jpg,1
./where_wally/wally_img_train/8(91).jpg,1
./where_wally/wally_img_train/8(92).jpg,1
./where_wally/wally_img_train/8(93).jpg,1
./where_wally/wally_img_train/8(94).jpg,1
./where_wally/wally_img_train/8(95).jpg,1
./where_wally/wally_img_train/8(96).jpg,1
./where_wally/wally_img_train/8(97).jpg,1
./where_wally/wally_img_train/8(98).jpg,1
./where_wally/wally_img_train/8(99).jpg,1
./where_wally/wally_img_train/8(100).jpg,1
./where_wally/wally_img_train/9(1).jpg,1
./where_wally/wally_img_train/9(2).jpg,1
./where_wally/wally_img_train/9(3).jpg,1
./where_wally/wally_img_train/9(4).jpg,1
./where_wally/wally_img_train/9(5).jpg,1
./where_wally/wally_img_train/9(6).jpg,1
./where_wally/wally_img_train/9(7).jpg,1
./where_wally/wally_img_train/9(8).jpg,1
./where_wally/wally_img_train/9(9).jpg,1
./where_wally/wally_img_train/9(10).jpg,1
./where_wally/wally_img_train/9(11).jpg,1
./where_wally/wally_img_train/9(12).jpg,1
./where_wally/wally_img_train/9(13).jpg,1
./where_wally/wally_img_train/9(14).jpg,1
./where_wally/wally_img_train/9(15).jpg,1
./where_wally/wally_img_train/9(16).jpg,1
./where_wally/wally_img_train/9(17).jpg,1
./where_wally/wally_img_train/9(18).jpg,1
./where_wally/wally_img_train/9(19).jpg,1
./where_wally/wally_img_train/9(20).jpg,1
./where_wally/wally_img_train/9(21).jpg,1
./where_wally/wally_img_train/9(22).jpg,1
./where_wally/wally_img_train/9(23).jpg,1
./where_wally/wally_img_train/9(24).jpg,1
./where_wally/wally_img_train/9(25).jpg,1
./where_wally/wally_img_train/9(26).jpg,1
./where_wally/wally_img_train/9(27).jpg,1
./where_wally/wally_img_train/9(28).jpg,1
./where_wally/wally_img_train/9(29).jpg,1
./where_wally/wally_img_train/9(30).jpg,1
./where_wally/wally_img_train/9(31).jpg,1
./where_wally/wally_img_train/9(32).jpg,1
./where_wally/wally_img_train/9(33).jpg,1
./where_wally/wally_img_train/9(34).jpg,1
./where_wally/wally_img_train/9(35).jpg,1
./where_wally/wally_img_train/9(36).jpg,1
./where_wally/wally_img_train/9(37).jpg,1
./where_wally/wally_img_train/9(38).jpg,1
./where_wally/wally_img_train/9(39).jpg,1
./where_wally/wally_img_train/9(40).jpg,1
./where_wally/wally_img_train/9(41).jpg,1
./where_wally/wally_img_train/9(42).jpg,1
./where_wally/wally_img_train/9(43).jpg,1
./where_wally/wally_img_train/9(44).jpg,1
./where_wally/wally_img_train/9(45).jpg,1
./where_wally/wally_img_train/9(46).jpg,1
./where_wally/wally_img_train/9(47).jpg,1
./where_wally/wally_img_train/9(48).jpg,1
./where_wally/wally_img_train/9(49).jpg,1
./where_wally/wally_img_train/9(50).jpg,1
./where_wally/wally_img_train/9(51).jpg,1
./where_wally/wally_img_train/9(52).jpg,1
./where_wally/wally_img_train/9(53).jpg,1
./where_wally/wally_img_train/9(54).jpg,1
./where_wally/wally_img_train/9(55).jpg,1
./where_wally/wally_img_train/9(56).jpg,1
./where_wally/wally_img_train/9(57).jpg,1
./where_wally/wally_img_train/9(58).jpg,1
./where_wally/wally_img_train/9(59).jpg,1
./where_wally/wally_img_train/9(60).jpg,1
./where_wally/wally_img_train/9(61).jpg,1
./where_wally/wally_img_train/9(62).jpg,1
./where_wally/wally_img_train/9(63).jpg,1
./where_wally/wally_img_train/9(64).jpg,1
./where_wally/wally_img_train/9(65).jpg,1
./where_wally/wally_img_train/9(66).jpg,1
./where_wally/wally_img_train/9(67).jpg,1
./where_wally/wally_img_train/9(68).jpg,1
./where_wally/wally_img_train/9(69).jpg,1
./where_wally/wally_img_train/9(70).jpg,1
./where_wally/wally_img_train/9(71).jpg,1
./where_wally/wally_img_train/9(72).jpg,1
./where_wally/wally_img_train/9(73).jpg,1
./where_wally/wally_img_train/9(74).jpg,1
./where_wally/wally_img_train/9(75).jpg,1
./where_wally/wally_img_train/9(76).jpg,1
./where_wally/wally_img_train/9(77).jpg,1
./where_wally/wally_img_train/9(78).jpg,1
./where_wally/wally_img_train/9(79).jpg,1
./where_wally/wally_img_train/9(80).jpg,1
./where_wally/wally_img_train/9(81).jpg,1
./where_wally/wally_img_train/9(82).jpg,1
./where_wally/wally_img_train/9(83).jpg,1
./where_wally/wally_img_train/9(84).jpg,1
./where_wally/wally_img_train/9(85).jpg,1
./where_wally/wally_img_train/9(86).jpg,1
./where_wally/wally_img_train/9(87).jpg,1
./where_wally/wally_img_train/9(88).jpg,1
./where_wally/wally_img_train/9(89).jpg,1
./where_wally/wally_img_train/9(90).jpg,1
./where_wally/wally_img_train/9(91).jpg,1
./where_wally/wally_img_train/9(92).jpg,1
./where_wally/wally_img_train/9(93).jpg,1
./where_wally/wally_img_train/9(94).jpg,1
./where_wally/wally_img_train/9(95).jpg,1
./where_wally/wally_img_train/9(96).jpg,1
./where_wally/wally_img_train/9(97).jpg,1
./where_wally/wally_img_train/9(98).jpg,1
./where_wally/wally_img_train/9(99).jpg,1
./where_wally/wally_img_train/9(100).jpg,1
