./where_wally/wally_img_train/3(1).jpg,1
./where_wally/wally_img_train/3(2).jpg,1
./where_wally/wally_img_train/3(3).jpg,1
./where_wally/wally_img_train/3(4).jpg,1
./where_wally/wally_img_train/3(5).jpg,1
./where_wally/wally_img_train/3(6).jpg,1
./where_wally/wally_img_train/3(7).jpg,1
./where_wally/wally_img_train/3(8).jpg,1
./where_wally/wally_img_train/3(9).jpg,1
./where_wally/wally_img_train/3(10).jpg,1
./where_wally/wally_img_train/3(11).jpg,1
./where_wally/wally_img_train/3(12).jpg,1
./where_wally/wally_img_train/3(13).jpg,1
./where_wally/wally_img_train/3(14).jpg,1
./where_wally/wally_img_train/3(15).jpg,1
./where_wally/wally_img_train/3(16).jpg,1
./where_wally/wally_img_train/3(17).jpg,1
./where_wally/wally_img_train/3(18).jpg,1
./where_wally/wally_img_train/3(19).jpg,1
./where_wally/wally_img_train/3(20).jpg,1
./where_wally/wally_img_train/3(21).jpg,1
./where_wally/wally_img_train/3(22).jpg,1
./where_wally/wally_img_train/3(23).jpg,1
./where_wally/wally_img_train/3(24).jpg,1
./where_wally/wally_img_train/3(25).jpg,1
./where_wally/wally_img_train/3(26).jpg,1
./where_wally/wally_img_train/3(27).jpg,1
./where_wally/wally_img_train/3(28).jpg,1
./where_wally/wally_img_train/3(29).jpg,1
./where_wally/wally_img_train/3(30).jpg,1
./where_wally/wally_img_train/3(31).jpg,1
./where_wally/wally_img_train/3(32).jpg,1
./where_wally/wally_img_train/3(33).jpg,1
./where_wally/wally_img_train/3(34).jpg,1
./where_wally/wally_img_train/3(35).jpg,1
./where_wally/wally_img_train/3(36).jpg,1
./where_wally/wally_img_train/3(37).jpg,1
./where_wally/wally_img_train/3(38).jpg,1
./where_wally/wally_img_train/3(39).jpg,1
./where_wally/wally_img_train/3(40).jpg,1
./where_wally/wally_img_train/3(41).jpg,1
./where_wally/wally_img_train/3(42).jpg,1
./where_wally/wally_img_train/3(43).jpg,1
./where_wally/wally_img_train/3(44).jpg,1
./where_wally/wally_img_train/3(45).jpg,1
./where_wally/wally_img_train/3(46).jpg,1
./where_wally/wally_img_train/3(47).jpg,1
./where_wally/wally_img_train/3(48).jpg,1
./where_wally/wally_img_train/3(49).jpg,1
./where_wally/wally_img_train/3(50).jpg,1
./where_wally/wally_img_train/3(51).jpg,1
./where_wally/wally_img_train/3(52).jpg,1
./where_wally/wally_img_train/3(53).jpg,1
./where_wally/wally_img_train/3(54).jpg,1
./where_wally/wally_img_train/3(55).jpg,1
./where_wally/wally_img_train/3(56).jpg,1
./where_wally/wally_img_train/3(57).jpg,1
./where_wally/wally_img_train/3(58).jpg,1
./where_wally/wally_img_train/3(59).jpg,1
./where_wally/wally_img_train/3(60).jpg,1
./where_wally/wally_img_train/3(61).jpg,1
./where_wally/wally_img_train/3(62).jpg,1
./where_wally/wally_img_train/3(63).jpg,1
./where_wally/wally_img_train/3(64).jpg,1
./where_wally/wally_img_train/3(65).jpg,1
./where_wally/wally_img_train/3(66).jpg,1
./where_wally/wally_img_train/3(67).jpg,1
./where_wally/wally_img_train/3(68).jpg,1
./where_wally/wally_img_train/3(69).jpg,1
./where_wally/wally_img_train/3(70).jpg,1
./where_wally/wally_img_train/3(71).jpg,1
./where_wally/wally_img_train/3(72).jpg,1
./where_wally/wally_img_train/3(73).jpg,1
./where_wally/wally_img_train/3(74).jpg,1
./where_wally/wally_img_train/3(75).jpg,1
./where_wally/wally_img_train/3(76).jpg,1
./where_wally/wally_img_train/3(77).jpg,1
./where_wally/wally_img_train/3(78).jpg,1
./where_wally/wally_img_train/3(79).jpg,1
./where_wally/wally_img_train/3(80).jpg,1
./where_wally/wally_img_train/3(81).jpg,1
./where_wally/wally_img_train/3(82).jpg,1
./where_wally/wally_img_train/3(83).jpg,1
./where_wally/wally_img_train/3(84).jpg,1
./where_wally/wally_img_train/3(85).jpg,1
./where_wally/wally_img_train/3(86).jpg,1
./where_wally/wally_img_train/3(87).jpg,1
./where_wally/wally_img_train/3(88).jpg,1
./where_wally/wally_img_train/3(89).jpg,1
./where_wally/wally_img_train/3(90).jpg,1
./where_wally/wally_img_train/3(91).jpg,1
./where_wally/wally_img_train/3(92).jpg,1
./where_wally/wally_img_train/3(93).jpg,1
./where_wally/wally_img_train/3(94).jpg,1
./where_wally/wally_img_train/3(95).jpg,1
./where_wally/wally_img_train/3(96).jpg,1
./where_wally/wally_img_train/3(97).jpg,1
./where_wally/wally_img_train/3(98).jpg,1
./where_wally/wally_img_train/3(99).jpg,1
./where_wally/wally_img_train/3(100).jpg,1
