./where_wally/wally_img_train/9(1).jpg,1
./where_wally/wally_img_train/9(2).jpg,1
./where_wally/wally_img_train/9(3).jpg,1
./where_wally/wally_img_train/9(4).jpg,1
./where_wally/wally_img_train/9(5).jpg,1
./where_wally/wally_img_train/9(6).jpg,1
./where_wally/wally_img_train/9(7).jpg,1
./where_wally/wally_img_train/9(8).jpg,1
./where_wally/wally_img_train/9(9).jpg,1
./where_wally/wally_img_train/9(10).jpg,1
./where_wally/wally_img_train/9(11).jpg,1
./where_wally/wally_img_train/9(12).jpg,1
./where_wally/wally_img_train/9(13).jpg,1
./where_wally/wally_img_train/9(14).jpg,1
./where_wally/wally_img_train/9(15).jpg,1
./where_wally/wally_img_train/9(16).jpg,1
./where_wally/wally_img_train/9(17).jpg,1
./where_wally/wally_img_train/9(18).jpg,1
./where_wally/wally_img_train/9(19).jpg,1
./where_wally/wally_img_train/9(20).jpg,1
./where_wally/wally_img_train/9(21).jpg,1
./where_wally/wally_img_train/9(22).jpg,1
./where_wally/wally_img_train/9(23).jpg,1
./where_wally/wally_img_train/9(24).jpg,1
./where_wally/wally_img_train/9(25).jpg,1
./where_wally/wally_img_train/9(26).jpg,1
./where_wally/wally_img_train/9(27).jpg,1
./where_wally/wally_img_train/9(28).jpg,1
./where_wally/wally_img_train/9(29).jpg,1
./where_wally/wally_img_train/9(30).jpg,1
./where_wally/wally_img_train/9(31).jpg,1
./where_wally/wally_img_train/9(32).jpg,1
./where_wally/wally_img_train/9(33).jpg,1
./where_wally/wally_img_train/9(34).jpg,1
./where_wally/wally_img_train/9(35).jpg,1
./where_wally/wally_img_train/9(36).jpg,1
./where_wally/wally_img_train/9(37).jpg,1
./where_wally/wally_img_train/9(38).jpg,1
./where_wally/wally_img_train/9(39).jpg,1
./where_wally/wally_img_train/9(40).jpg,1
./where_wally/wally_img_train/9(41).jpg,1
./where_wally/wally_img_train/9(42).jpg,1
./where_wally/wally_img_train/9(43).jpg,1
./where_wally/wally_img_train/9(44).jpg,1
./where_wally/wally_img_train/9(45).jpg,1
./where_wally/wally_img_train/9(46).jpg,1
./where_wally/wally_img_train/9(47).jpg,1
./where_wally/wally_img_train/9(48).jpg,1
./where_wally/wally_img_train/9(49).jpg,1
./where_wally/wally_img_train/9(50).jpg,1
./where_wally/wally_img_train/9(51).jpg,1
./where_wally/wally_img_train/9(52).jpg,1
./where_wally/wally_img_train/9(53).jpg,1
./where_wally/wally_img_train/9(54).jpg,1
./where_wally/wally_img_train/9(55).jpg,1
./where_wally/wally_img_train/9(56).jpg,1
./where_wally/wally_img_train/9(57).jpg,1
./where_wally/wally_img_train/9(58).jpg,1
./where_wally/wally_img_train/9(59).jpg,1
./where_wally/wally_img_train/9(60).jpg,1
./where_wally/wally_img_train/9(61).jpg,1
./where_wally/wally_img_train/9(62).jpg,1
./where_wally/wally_img_train/9(63).jpg,1
./where_wally/wally_img_train/9(64).jpg,1
./where_wally/wally_img_train/9(65).jpg,1
./where_wally/wally_img_train/9(66).jpg,1
./where_wally/wally_img_train/9(67).jpg,1
./where_wally/wally_img_train/9(68).jpg,1
./where_wally/wally_img_train/9(69).jpg,1
./where_wally/wally_img_train/9(70).jpg,1
./where_wally/wally_img_train/9(71).jpg,1
./where_wally/wally_img_train/9(72).jpg,1
./where_wally/wally_img_train/9(73).jpg,1
./where_wally/wally_img_train/9(74).jpg,1
./where_wally/wally_img_train/9(75).jpg,1
./where_wally/wally_img_train/9(76).jpg,1
./where_wally/wally_img_train/9(77).jpg,1
./where_wally/wally_img_train/9(78).jpg,1
./where_wally/wally_img_train/9(79).jpg,1
./where_wally/wally_img_train/9(80).jpg,1
./where_wally/wally_img_train/9(81).jpg,1
./where_wally/wally_img_train/9(82).jpg,1
./where_wally/wally_img_train/9(83).jpg,1
./where_wally/wally_img_train/9(84).jpg,1
./where_wally/wally_img_train/9(85).jpg,1
./where_wally/wally_img_train/9(86).jpg,1
./where_wally/wally_img_train/9(87).jpg,1
./where_wally/wally_img_train/9(88).jpg,1
./where_wally/wally_img_train/9(89).jpg,1
./where_wally/wally_img_train/9(90).jpg,1
./where_wally/wally_img_train/9(91).jpg,1
./where_wally/wally_img_train/9(92).jpg,1
./where_wally/wally_img_train/9(93).jpg,1
./where_wally/wally_img_train/9(94).jpg,1
./where_wally/wally_img_train/9(95).jpg,1
./where_wally/wally_img_train/9(96).jpg,1
./where_wally/wally_img_train/9(97).jpg,1
./where_wally/wally_img_train/9(98).jpg,1
./where_wally/wally_img_train/9(99).jpg,1
./where_wally/wally_img_train/9(100).jpg,1
