./where_wally/wally_img_train/6(1).jpg,1
./where_wally/wally_img_train/6(2).jpg,1
./where_wally/wally_img_train/6(3).jpg,1
./where_wally/wally_img_train/6(4).jpg,1
./where_wally/wally_img_train/6(5).jpg,1
./where_wally/wally_img_train/6(6).jpg,1
./where_wally/wally_img_train/6(7).jpg,1
./where_wally/wally_img_train/6(8).jpg,1
./where_wally/wally_img_train/6(9).jpg,1
./where_wally/wally_img_train/6(10).jpg,1
./where_wally/wally_img_train/6(11).jpg,1
./where_wally/wally_img_train/6(12).jpg,1
./where_wally/wally_img_train/6(13).jpg,1
./where_wally/wally_img_train/6(14).jpg,1
./where_wally/wally_img_train/6(15).jpg,1
./where_wally/wally_img_train/6(16).jpg,1
./where_wally/wally_img_train/6(17).jpg,1
./where_wally/wally_img_train/6(18).jpg,1
./where_wally/wally_img_train/6(19).jpg,1
./where_wally/wally_img_train/6(20).jpg,1
./where_wally/wally_img_train/6(21).jpg,1
./where_wally/wally_img_train/6(22).jpg,1
./where_wally/wally_img_train/6(23).jpg,1
./where_wally/wally_img_train/6(24).jpg,1
./where_wally/wally_img_train/6(25).jpg,1
./where_wally/wally_img_train/6(26).jpg,1
./where_wally/wally_img_train/6(27).jpg,1
./where_wally/wally_img_train/6(28).jpg,1
./where_wally/wally_img_train/6(29).jpg,1
./where_wally/wally_img_train/6(30).jpg,1
./where_wally/wally_img_train/6(31).jpg,1
./where_wally/wally_img_train/6(32).jpg,1
./where_wally/wally_img_train/6(33).jpg,1
./where_wally/wally_img_train/6(34).jpg,1
./where_wally/wally_img_train/6(35).jpg,1
./where_wally/wally_img_train/6(36).jpg,1
./where_wally/wally_img_train/6(37).jpg,1
./where_wally/wally_img_train/6(38).jpg,1
./where_wally/wally_img_train/6(39).jpg,1
./where_wally/wally_img_train/6(40).jpg,1
./where_wally/wally_img_train/6(41).jpg,1
./where_wally/wally_img_train/6(42).jpg,1
./where_wally/wally_img_train/6(43).jpg,1
./where_wally/wally_img_train/6(44).jpg,1
./where_wally/wally_img_train/6(45).jpg,1
./where_wally/wally_img_train/6(46).jpg,1
./where_wally/wally_img_train/6(47).jpg,1
./where_wally/wally_img_train/6(48).jpg,1
./where_wally/wally_img_train/6(49).jpg,1
./where_wally/wally_img_train/6(50).jpg,1
./where_wally/wally_img_train/6(51).jpg,1
./where_wally/wally_img_train/6(52).jpg,1
./where_wally/wally_img_train/6(53).jpg,1
./where_wally/wally_img_train/6(54).jpg,1
./where_wally/wally_img_train/6(55).jpg,1
./where_wally/wally_img_train/6(56).jpg,1
./where_wally/wally_img_train/6(57).jpg,1
./where_wally/wally_img_train/6(58).jpg,1
./where_wally/wally_img_train/6(59).jpg,1
./where_wally/wally_img_train/6(60).jpg,1
./where_wally/wally_img_train/6(61).jpg,1
./where_wally/wally_img_train/6(62).jpg,1
./where_wally/wally_img_train/6(63).jpg,1
./where_wally/wally_img_train/6(64).jpg,1
./where_wally/wally_img_train/6(65).jpg,1
./where_wally/wally_img_train/6(66).jpg,1
./where_wally/wally_img_train/6(67).jpg,1
./where_wally/wally_img_train/6(68).jpg,1
./where_wally/wally_img_train/6(69).jpg,1
./where_wally/wally_img_train/6(70).jpg,1
./where_wally/wally_img_train/6(71).jpg,1
./where_wally/wally_img_train/6(72).jpg,1
./where_wally/wally_img_train/6(73).jpg,1
./where_wally/wally_img_train/6(74).jpg,1
./where_wally/wally_img_train/6(75).jpg,1
./where_wally/wally_img_train/6(76).jpg,1
./where_wally/wally_img_train/6(77).jpg,1
./where_wally/wally_img_train/6(78).jpg,1
./where_wally/wally_img_train/6(79).jpg,1
./where_wally/wally_img_train/6(80).jpg,1
./where_wally/wally_img_train/6(81).jpg,1
./where_wally/wally_img_train/6(82).jpg,1
./where_wally/wally_img_train/6(83).jpg,1
./where_wally/wally_img_train/6(84).jpg,1
./where_wally/wally_img_train/6(85).jpg,1
./where_wally/wally_img_train/6(86).jpg,1
./where_wally/wally_img_train/6(87).jpg,1
./where_wally/wally_img_train/6(88).jpg,1
./where_wally/wally_img_train/6(89).jpg,1
./where_wally/wally_img_train/6(90).jpg,1
./where_wally/wally_img_train/6(91).jpg,1
./where_wally/wally_img_train/6(92).jpg,1
./where_wally/wally_img_train/6(93).jpg,1
./where_wally/wally_img_train/6(94).jpg,1
./where_wally/wally_img_train/6(95).jpg,1
./where_wally/wally_img_train/6(96).jpg,1
./where_wally/wally_img_train/6(97).jpg,1
./where_wally/wally_img_train/6(98).jpg,1
./where_wally/wally_img_train/6(99).jpg,1
./where_wally/wally_img_train/6(100).jpg,1
