./where_wally/wally_img_train/7(1).jpg,1
./where_wally/wally_img_train/7(2).jpg,1
./where_wally/wally_img_train/7(3).jpg,1
./where_wally/wally_img_train/7(4).jpg,1
./where_wally/wally_img_train/7(5).jpg,1
./where_wally/wally_img_train/7(6).jpg,1
./where_wally/wally_img_train/7(7).jpg,1
./where_wally/wally_img_train/7(8).jpg,1
./where_wally/wally_img_train/7(9).jpg,1
./where_wally/wally_img_train/7(10).jpg,1
./where_wally/wally_img_train/7(11).jpg,1
./where_wally/wally_img_train/7(12).jpg,1
./where_wally/wally_img_train/7(13).jpg,1
./where_wally/wally_img_train/7(14).jpg,1
./where_wally/wally_img_train/7(15).jpg,1
./where_wally/wally_img_train/7(16).jpg,1
./where_wally/wally_img_train/7(17).jpg,1
./where_wally/wally_img_train/7(18).jpg,1
./where_wally/wally_img_train/7(19).jpg,1
./where_wally/wally_img_train/7(20).jpg,1
./where_wally/wally_img_train/7(21).jpg,1
./where_wally/wally_img_train/7(22).jpg,1
./where_wally/wally_img_train/7(23).jpg,1
./where_wally/wally_img_train/7(24).jpg,1
./where_wally/wally_img_train/7(25).jpg,1
./where_wally/wally_img_train/7(26).jpg,1
./where_wally/wally_img_train/7(27).jpg,1
./where_wally/wally_img_train/7(28).jpg,1
./where_wally/wally_img_train/7(29).jpg,1
./where_wally/wally_img_train/7(30).jpg,1
./where_wally/wally_img_train/7(31).jpg,1
./where_wally/wally_img_train/7(32).jpg,1
./where_wally/wally_img_train/7(33).jpg,1
./where_wally/wally_img_train/7(34).jpg,1
./where_wally/wally_img_train/7(35).jpg,1
./where_wally/wally_img_train/7(36).jpg,1
./where_wally/wally_img_train/7(37).jpg,1
./where_wally/wally_img_train/7(38).jpg,1
./where_wally/wally_img_train/7(39).jpg,1
./where_wally/wally_img_train/7(40).jpg,1
./where_wally/wally_img_train/7(41).jpg,1
./where_wally/wally_img_train/7(42).jpg,1
./where_wally/wally_img_train/7(43).jpg,1
./where_wally/wally_img_train/7(44).jpg,1
./where_wally/wally_img_train/7(45).jpg,1
./where_wally/wally_img_train/7(46).jpg,1
./where_wally/wally_img_train/7(47).jpg,1
./where_wally/wally_img_train/7(48).jpg,1
./where_wally/wally_img_train/7(49).jpg,1
./where_wally/wally_img_train/7(50).jpg,1
./where_wally/wally_img_train/7(51).jpg,1
./where_wally/wally_img_train/7(52).jpg,1
./where_wally/wally_img_train/7(53).jpg,1
./where_wally/wally_img_train/7(54).jpg,1
./where_wally/wally_img_train/7(55).jpg,1
./where_wally/wally_img_train/7(56).jpg,1
./where_wally/wally_img_train/7(57).jpg,1
./where_wally/wally_img_train/7(58).jpg,1
./where_wally/wally_img_train/7(59).jpg,1
./where_wally/wally_img_train/7(60).jpg,1
./where_wally/wally_img_train/7(61).jpg,1
./where_wally/wally_img_train/7(62).jpg,1
./where_wally/wally_img_train/7(63).jpg,1
./where_wally/wally_img_train/7(64).jpg,1
./where_wally/wally_img_train/7(65).jpg,1
./where_wally/wally_img_train/7(66).jpg,1
./where_wally/wally_img_train/7(67).jpg,1
./where_wally/wally_img_train/7(68).jpg,1
./where_wally/wally_img_train/7(69).jpg,1
./where_wally/wally_img_train/7(70).jpg,1
./where_wally/wally_img_train/7(71).jpg,1
./where_wally/wally_img_train/7(72).jpg,1
./where_wally/wally_img_train/7(73).jpg,1
./where_wally/wally_img_train/7(74).jpg,1
./where_wally/wally_img_train/7(75).jpg,1
./where_wally/wally_img_train/7(76).jpg,1
./where_wally/wally_img_train/7(77).jpg,1
./where_wally/wally_img_train/7(78).jpg,1
./where_wally/wally_img_train/7(79).jpg,1
./where_wally/wally_img_train/7(80).jpg,1
./where_wally/wally_img_train/7(81).jpg,1
./where_wally/wally_img_train/7(82).jpg,1
./where_wally/wally_img_train/7(83).jpg,1
./where_wally/wally_img_train/7(84).jpg,1
./where_wally/wally_img_train/7(85).jpg,1
./where_wally/wally_img_train/7(86).jpg,1
./where_wally/wally_img_train/7(87).jpg,1
./where_wally/wally_img_train/7(88).jpg,1
./where_wally/wally_img_train/7(89).jpg,1
./where_wally/wally_img_train/7(90).jpg,1
./where_wally/wally_img_train/7(91).jpg,1
./where_wally/wally_img_train/7(92).jpg,1
./where_wally/wally_img_train/7(93).jpg,1
./where_wally/wally_img_train/7(94).jpg,1
./where_wally/wally_img_train/7(95).jpg,1
./where_wally/wally_img_train/7(96).jpg,1
./where_wally/wally_img_train/7(97).jpg,1
./where_wally/wally_img_train/7(98).jpg,1
./where_wally/wally_img_train/7(99).jpg,1
./where_wally/wally_img_train/7(100).jpg,1
