./where_wally/wally_img_train/2(1).jpg,1
./where_wally/wally_img_train/2(2).jpg,1
./where_wally/wally_img_train/2(3).jpg,1
./where_wally/wally_img_train/2(4).jpg,1
./where_wally/wally_img_train/2(5).jpg,1
./where_wally/wally_img_train/2(6).jpg,1
./where_wally/wally_img_train/2(7).jpg,1
./where_wally/wally_img_train/2(8).jpg,1
./where_wally/wally_img_train/2(9).jpg,1
./where_wally/wally_img_train/2(10).jpg,1
./where_wally/wally_img_train/2(11).jpg,1
./where_wally/wally_img_train/2(12).jpg,1
./where_wally/wally_img_train/2(13).jpg,1
./where_wally/wally_img_train/2(14).jpg,1
./where_wally/wally_img_train/2(15).jpg,1
./where_wally/wally_img_train/2(16).jpg,1
./where_wally/wally_img_train/2(17).jpg,1
./where_wally/wally_img_train/2(18).jpg,1
./where_wally/wally_img_train/2(19).jpg,1
./where_wally/wally_img_train/2(20).jpg,1
./where_wally/wally_img_train/2(21).jpg,1
./where_wally/wally_img_train/2(22).jpg,1
./where_wally/wally_img_train/2(23).jpg,1
./where_wally/wally_img_train/2(24).jpg,1
./where_wally/wally_img_train/2(25).jpg,1
./where_wally/wally_img_train/2(26).jpg,1
./where_wally/wally_img_train/2(27).jpg,1
./where_wally/wally_img_train/2(28).jpg,1
./where_wally/wally_img_train/2(29).jpg,1
./where_wally/wally_img_train/2(30).jpg,1
./where_wally/wally_img_train/2(31).jpg,1
./where_wally/wally_img_train/2(32).jpg,1
./where_wally/wally_img_train/2(33).jpg,1
./where_wally/wally_img_train/2(34).jpg,1
./where_wally/wally_img_train/2(35).jpg,1
./where_wally/wally_img_train/2(36).jpg,1
./where_wally/wally_img_train/2(37).jpg,1
./where_wally/wally_img_train/2(38).jpg,1
./where_wally/wally_img_train/2(39).jpg,1
./where_wally/wally_img_train/2(40).jpg,1
./where_wally/wally_img_train/2(41).jpg,1
./where_wally/wally_img_train/2(42).jpg,1
./where_wally/wally_img_train/2(43).jpg,1
./where_wally/wally_img_train/2(44).jpg,1
./where_wally/wally_img_train/2(45).jpg,1
./where_wally/wally_img_train/2(46).jpg,1
./where_wally/wally_img_train/2(47).jpg,1
./where_wally/wally_img_train/2(48).jpg,1
./where_wally/wally_img_train/2(49).jpg,1
./where_wally/wally_img_train/2(50).jpg,1
./where_wally/wally_img_train/2(51).jpg,1
./where_wally/wally_img_train/2(52).jpg,1
./where_wally/wally_img_train/2(53).jpg,1
./where_wally/wally_img_train/2(54).jpg,1
./where_wally/wally_img_train/2(55).jpg,1
./where_wally/wally_img_train/2(56).jpg,1
./where_wally/wally_img_train/2(57).jpg,1
./where_wally/wally_img_train/2(58).jpg,1
./where_wally/wally_img_train/2(59).jpg,1
./where_wally/wally_img_train/2(60).jpg,1
./where_wally/wally_img_train/2(61).jpg,1
./where_wally/wally_img_train/2(62).jpg,1
./where_wally/wally_img_train/2(63).jpg,1
./where_wally/wally_img_train/2(64).jpg,1
./where_wally/wally_img_train/2(65).jpg,1
./where_wally/wally_img_train/2(66).jpg,1
./where_wally/wally_img_train/2(67).jpg,1
./where_wally/wally_img_train/2(68).jpg,1
./where_wally/wally_img_train/2(69).jpg,1
./where_wally/wally_img_train/2(70).jpg,1
./where_wally/wally_img_train/2(71).jpg,1
./where_wally/wally_img_train/2(72).jpg,1
./where_wally/wally_img_train/2(73).jpg,1
./where_wally/wally_img_train/2(74).jpg,1
./where_wally/wally_img_train/2(75).jpg,1
./where_wally/wally_img_train/2(76).jpg,1
./where_wally/wally_img_train/2(77).jpg,1
./where_wally/wally_img_train/2(78).jpg,1
./where_wally/wally_img_train/2(79).jpg,1
./where_wally/wally_img_train/2(80).jpg,1
./where_wally/wally_img_train/2(81).jpg,1
./where_wally/wally_img_train/2(82).jpg,1
./where_wally/wally_img_train/2(83).jpg,1
./where_wally/wally_img_train/2(84).jpg,1
./where_wally/wally_img_train/2(85).jpg,1
./where_wally/wally_img_train/2(86).jpg,1
./where_wally/wally_img_train/2(87).jpg,1
./where_wally/wally_img_train/2(88).jpg,1
./where_wally/wally_img_train/2(89).jpg,1
./where_wally/wally_img_train/2(90).jpg,1
./where_wally/wally_img_train/2(91).jpg,1
./where_wally/wally_img_train/2(92).jpg,1
./where_wally/wally_img_train/2(93).jpg,1
./where_wally/wally_img_train/2(94).jpg,1
./where_wally/wally_img_train/2(95).jpg,1
./where_wally/wally_img_train/2(96).jpg,1
./where_wally/wally_img_train/2(97).jpg,1
./where_wally/wally_img_train/2(98).jpg,1
./where_wally/wally_img_train/2(99).jpg,1
./where_wally/wally_img_train/2(100).jpg,1
