./where_wally/wally_img_train/0(1).jpg,1
./where_wally/wally_img_train/0(2).jpg,1
./where_wally/wally_img_train/0(3).jpg,1
./where_wally/wally_img_train/0(4).jpg,1
./where_wally/wally_img_train/0(5).jpg,1
./where_wally/wally_img_train/0(6).jpg,1
./where_wally/wally_img_train/0(7).jpg,1
./where_wally/wally_img_train/0(8).jpg,1
./where_wally/wally_img_train/0(9).jpg,1
./where_wally/wally_img_train/0(10).jpg,1
./where_wally/wally_img_train/0(11).jpg,1
./where_wally/wally_img_train/0(12).jpg,1
./where_wally/wally_img_train/0(13).jpg,1
./where_wally/wally_img_train/0(14).jpg,1
./where_wally/wally_img_train/0(15).jpg,1
./where_wally/wally_img_train/0(16).jpg,1
./where_wally/wally_img_train/0(17).jpg,1
./where_wally/wally_img_train/0(18).jpg,1
./where_wally/wally_img_train/0(19).jpg,1
./where_wally/wally_img_train/0(20).jpg,1
./where_wally/wally_img_train/0(21).jpg,1
./where_wally/wally_img_train/0(22).jpg,1
./where_wally/wally_img_train/0(23).jpg,1
./where_wally/wally_img_train/0(24).jpg,1
./where_wally/wally_img_train/0(25).jpg,1
./where_wally/wally_img_train/0(26).jpg,1
./where_wally/wally_img_train/0(27).jpg,1
./where_wally/wally_img_train/0(28).jpg,1
./where_wally/wally_img_train/0(29).jpg,1
./where_wally/wally_img_train/0(30).jpg,1
./where_wally/wally_img_train/0(31).jpg,1
./where_wally/wally_img_train/0(32).jpg,1
./where_wally/wally_img_train/0(33).jpg,1
./where_wally/wally_img_train/0(34).jpg,1
./where_wally/wally_img_train/0(35).jpg,1
./where_wally/wally_img_train/0(36).jpg,1
./where_wally/wally_img_train/0(37).jpg,1
./where_wally/wally_img_train/0(38).jpg,1
./where_wally/wally_img_train/0(39).jpg,1
./where_wally/wally_img_train/0(40).jpg,1
./where_wally/wally_img_train/0(41).jpg,1
./where_wally/wally_img_train/0(42).jpg,1
./where_wally/wally_img_train/0(43).jpg,1
./where_wally/wally_img_train/0(44).jpg,1
./where_wally/wally_img_train/0(45).jpg,1
./where_wally/wally_img_train/0(46).jpg,1
./where_wally/wally_img_train/0(47).jpg,1
./where_wally/wally_img_train/0(48).jpg,1
./where_wally/wally_img_train/0(49).jpg,1
./where_wally/wally_img_train/0(50).jpg,1
./where_wally/wally_img_train/0(51).jpg,1
./where_wally/wally_img_train/0(52).jpg,1
./where_wally/wally_img_train/0(53).jpg,1
./where_wally/wally_img_train/0(54).jpg,1
./where_wally/wally_img_train/0(55).jpg,1
./where_wally/wally_img_train/0(56).jpg,1
./where_wally/wally_img_train/0(57).jpg,1
./where_wally/wally_img_train/0(58).jpg,1
./where_wally/wally_img_train/0(59).jpg,1
./where_wally/wally_img_train/0(60).jpg,1
./where_wally/wally_img_train/0(61).jpg,1
./where_wally/wally_img_train/0(62).jpg,1
./where_wally/wally_img_train/0(63).jpg,1
./where_wally/wally_img_train/0(64).jpg,1
./where_wally/wally_img_train/0(65).jpg,1
./where_wally/wally_img_train/0(66).jpg,1
./where_wally/wally_img_train/0(67).jpg,1
./where_wally/wally_img_train/0(68).jpg,1
./where_wally/wally_img_train/0(69).jpg,1
./where_wally/wally_img_train/0(70).jpg,1
./where_wally/wally_img_train/0(71).jpg,1
./where_wally/wally_img_train/0(72).jpg,1
./where_wally/wally_img_train/0(73).jpg,1
./where_wally/wally_img_train/0(74).jpg,1
./where_wally/wally_img_train/0(75).jpg,1
./where_wally/wally_img_train/0(76).jpg,1
./where_wally/wally_img_train/0(77).jpg,1
./where_wally/wally_img_train/0(78).jpg,1
./where_wally/wally_img_train/0(79).jpg,1
./where_wally/wally_img_train/0(80).jpg,1
./where_wally/wally_img_train/0(81).jpg,1
./where_wally/wally_img_train/0(82).jpg,1
./where_wally/wally_img_train/0(83).jpg,1
./where_wally/wally_img_train/0(84).jpg,1
./where_wally/wally_img_train/0(85).jpg,1
./where_wally/wally_img_train/0(86).jpg,1
./where_wally/wally_img_train/0(87).jpg,1
./where_wally/wally_img_train/0(88).jpg,1
./where_wally/wally_img_train/0(89).jpg,1
./where_wally/wally_img_train/0(90).jpg,1
./where_wally/wally_img_train/0(91).jpg,1
./where_wally/wally_img_train/0(92).jpg,1
./where_wally/wally_img_train/0(93).jpg,1
./where_wally/wally_img_train/0(94).jpg,1
./where_wally/wally_img_train/0(95).jpg,1
./where_wally/wally_img_train/0(96).jpg,1
./where_wally/wally_img_train/0(97).jpg,1
./where_wally/wally_img_train/0(98).jpg,1
./where_wally/wally_img_train/0(99).jpg,1
./where_wally/wally_img_train/0(100).jpg,1
