./where_wally/wally_img_train/1(1).jpg,1
./where_wally/wally_img_train/1(2).jpg,1
./where_wally/wally_img_train/1(3).jpg,1
./where_wally/wally_img_train/1(4).jpg,1
./where_wally/wally_img_train/1(5).jpg,1
./where_wally/wally_img_train/1(6).jpg,1
./where_wally/wally_img_train/1(7).jpg,1
./where_wally/wally_img_train/1(8).jpg,1
./where_wally/wally_img_train/1(9).jpg,1
./where_wally/wally_img_train/1(10).jpg,1
./where_wally/wally_img_train/1(11).jpg,1
./where_wally/wally_img_train/1(12).jpg,1
./where_wally/wally_img_train/1(13).jpg,1
./where_wally/wally_img_train/1(14).jpg,1
./where_wally/wally_img_train/1(15).jpg,1
./where_wally/wally_img_train/1(16).jpg,1
./where_wally/wally_img_train/1(17).jpg,1
./where_wally/wally_img_train/1(18).jpg,1
./where_wally/wally_img_train/1(19).jpg,1
./where_wally/wally_img_train/1(20).jpg,1
./where_wally/wally_img_train/1(21).jpg,1
./where_wally/wally_img_train/1(22).jpg,1
./where_wally/wally_img_train/1(23).jpg,1
./where_wally/wally_img_train/1(24).jpg,1
./where_wally/wally_img_train/1(25).jpg,1
./where_wally/wally_img_train/1(26).jpg,1
./where_wally/wally_img_train/1(27).jpg,1
./where_wally/wally_img_train/1(28).jpg,1
./where_wally/wally_img_train/1(29).jpg,1
./where_wally/wally_img_train/1(30).jpg,1
./where_wally/wally_img_train/1(31).jpg,1
./where_wally/wally_img_train/1(32).jpg,1
./where_wally/wally_img_train/1(33).jpg,1
./where_wally/wally_img_train/1(34).jpg,1
./where_wally/wally_img_train/1(35).jpg,1
./where_wally/wally_img_train/1(36).jpg,1
./where_wally/wally_img_train/1(37).jpg,1
./where_wally/wally_img_train/1(38).jpg,1
./where_wally/wally_img_train/1(39).jpg,1
./where_wally/wally_img_train/1(40).jpg,1
./where_wally/wally_img_train/1(41).jpg,1
./where_wally/wally_img_train/1(42).jpg,1
./where_wally/wally_img_train/1(43).jpg,1
./where_wally/wally_img_train/1(44).jpg,1
./where_wally/wally_img_train/1(45).jpg,1
./where_wally/wally_img_train/1(46).jpg,1
./where_wally/wally_img_train/1(47).jpg,1
./where_wally/wally_img_train/1(48).jpg,1
./where_wally/wally_img_train/1(49).jpg,1
./where_wally/wally_img_train/1(50).jpg,1
./where_wally/wally_img_train/1(51).jpg,1
./where_wally/wally_img_train/1(52).jpg,1
./where_wally/wally_img_train/1(53).jpg,1
./where_wally/wally_img_train/1(54).jpg,1
./where_wally/wally_img_train/1(55).jpg,1
./where_wally/wally_img_train/1(56).jpg,1
./where_wally/wally_img_train/1(57).jpg,1
./where_wally/wally_img_train/1(58).jpg,1
./where_wally/wally_img_train/1(59).jpg,1
./where_wally/wally_img_train/1(60).jpg,1
./where_wally/wally_img_train/1(61).jpg,1
./where_wally/wally_img_train/1(62).jpg,1
./where_wally/wally_img_train/1(63).jpg,1
./where_wally/wally_img_train/1(64).jpg,1
./where_wally/wally_img_train/1(65).jpg,1
./where_wally/wally_img_train/1(66).jpg,1
./where_wally/wally_img_train/1(67).jpg,1
./where_wally/wally_img_train/1(68).jpg,1
./where_wally/wally_img_train/1(69).jpg,1
./where_wally/wally_img_train/1(70).jpg,1
./where_wally/wally_img_train/1(71).jpg,1
./where_wally/wally_img_train/1(72).jpg,1
./where_wally/wally_img_train/1(73).jpg,1
./where_wally/wally_img_train/1(74).jpg,1
./where_wally/wally_img_train/1(75).jpg,1
./where_wally/wally_img_train/1(76).jpg,1
./where_wally/wally_img_train/1(77).jpg,1
./where_wally/wally_img_train/1(78).jpg,1
./where_wally/wally_img_train/1(79).jpg,1
./where_wally/wally_img_train/1(80).jpg,1
./where_wally/wally_img_train/1(81).jpg,1
./where_wally/wally_img_train/1(82).jpg,1
./where_wally/wally_img_train/1(83).jpg,1
./where_wally/wally_img_train/1(84).jpg,1
./where_wally/wally_img_train/1(85).jpg,1
./where_wally/wally_img_train/1(86).jpg,1
./where_wally/wally_img_train/1(87).jpg,1
./where_wally/wally_img_train/1(88).jpg,1
./where_wally/wally_img_train/1(89).jpg,1
./where_wally/wally_img_train/1(90).jpg,1
./where_wally/wally_img_train/1(91).jpg,1
./where_wally/wally_img_train/1(92).jpg,1
./where_wally/wally_img_train/1(93).jpg,1
./where_wally/wally_img_train/1(94).jpg,1
./where_wally/wally_img_train/1(95).jpg,1
./where_wally/wally_img_train/1(96).jpg,1
./where_wally/wally_img_train/1(97).jpg,1
./where_wally/wally_img_train/1(98).jpg,1
./where_wally/wally_img_train/1(99).jpg,1
./where_wally/wally_img_train/1(100).jpg,1
