./where_wally/wally_img_train/8(1).jpg,1
./where_wally/wally_img_train/8(2).jpg,1
./where_wally/wally_img_train/8(3).jpg,1
./where_wally/wally_img_train/8(4).jpg,1
./where_wally/wally_img_train/8(5).jpg,1
./where_wally/wally_img_train/8(6).jpg,1
./where_wally/wally_img_train/8(7).jpg,1
./where_wally/wally_img_train/8(8).jpg,1
./where_wally/wally_img_train/8(9).jpg,1
./where_wally/wally_img_train/8(10).jpg,1
./where_wally/wally_img_train/8(11).jpg,1
./where_wally/wally_img_train/8(12).jpg,1
./where_wally/wally_img_train/8(13).jpg,1
./where_wally/wally_img_train/8(14).jpg,1
./where_wally/wally_img_train/8(15).jpg,1
./where_wally/wally_img_train/8(16).jpg,1
./where_wally/wally_img_train/8(17).jpg,1
./where_wally/wally_img_train/8(18).jpg,1
./where_wally/wally_img_train/8(19).jpg,1
./where_wally/wally_img_train/8(20).jpg,1
./where_wally/wally_img_train/8(21).jpg,1
./where_wally/wally_img_train/8(22).jpg,1
./where_wally/wally_img_train/8(23).jpg,1
./where_wally/wally_img_train/8(24).jpg,1
./where_wally/wally_img_train/8(25).jpg,1
./where_wally/wally_img_train/8(26).jpg,1
./where_wally/wally_img_train/8(27).jpg,1
./where_wally/wally_img_train/8(28).jpg,1
./where_wally/wally_img_train/8(29).jpg,1
./where_wally/wally_img_train/8(30).jpg,1
./where_wally/wally_img_train/8(31).jpg,1
./where_wally/wally_img_train/8(32).jpg,1
./where_wally/wally_img_train/8(33).jpg,1
./where_wally/wally_img_train/8(34).jpg,1
./where_wally/wally_img_train/8(35).jpg,1
./where_wally/wally_img_train/8(36).jpg,1
./where_wally/wally_img_train/8(37).jpg,1
./where_wally/wally_img_train/8(38).jpg,1
./where_wally/wally_img_train/8(39).jpg,1
./where_wally/wally_img_train/8(40).jpg,1
./where_wally/wally_img_train/8(41).jpg,1
./where_wally/wally_img_train/8(42).jpg,1
./where_wally/wally_img_train/8(43).jpg,1
./where_wally/wally_img_train/8(44).jpg,1
./where_wally/wally_img_train/8(45).jpg,1
./where_wally/wally_img_train/8(46).jpg,1
./where_wally/wally_img_train/8(47).jpg,1
./where_wally/wally_img_train/8(48).jpg,1
./where_wally/wally_img_train/8(49).jpg,1
./where_wally/wally_img_train/8(50).jpg,1
./where_wally/wally_img_train/8(51).jpg,1
./where_wally/wally_img_train/8(52).jpg,1
./where_wally/wally_img_train/8(53).jpg,1
./where_wally/wally_img_train/8(54).jpg,1
./where_wally/wally_img_train/8(55).jpg,1
./where_wally/wally_img_train/8(56).jpg,1
./where_wally/wally_img_train/8(57).jpg,1
./where_wally/wally_img_train/8(58).jpg,1
./where_wally/wally_img_train/8(59).jpg,1
./where_wally/wally_img_train/8(60).jpg,1
./where_wally/wally_img_train/8(61).jpg,1
./where_wally/wally_img_train/8(62).jpg,1
./where_wally/wally_img_train/8(63).jpg,1
./where_wally/wally_img_train/8(64).jpg,1
./where_wally/wally_img_train/8(65).jpg,1
./where_wally/wally_img_train/8(66).jpg,1
./where_wally/wally_img_train/8(67).jpg,1
./where_wally/wally_img_train/8(68).jpg,1
./where_wally/wally_img_train/8(69).jpg,1
./where_wally/wally_img_train/8(70).jpg,1
./where_wally/wally_img_train/8(71).jpg,1
./where_wally/wally_img_train/8(72).jpg,1
./where_wally/wally_img_train/8(73).jpg,1
./where_wally/wally_img_train/8(74).jpg,1
./where_wally/wally_img_train/8(75).jpg,1
./where_wally/wally_img_train/8(76).jpg,1
./where_wally/wally_img_train/8(77).jpg,1
./where_wally/wally_img_train/8(78).jpg,1
./where_wally/wally_img_train/8(79).jpg,1
./where_wally/wally_img_train/8(80).jpg,1
./where_wally/wally_img_train/8(81).jpg,1
./where_wally/wally_img_train/8(82).jpg,1
./where_wally/wally_img_train/8(83).jpg,1
./where_wally/wally_img_train/8(84).jpg,1
./where_wally/wally_img_train/8(85).jpg,1
./where_wally/wally_img_train/8(86).jpg,1
./where_wally/wally_img_train/8(87).jpg,1
./where_wally/wally_img_train/8(88).jpg,1
./where_wally/wally_img_train/8(89).jpg,1
./where_wally/wally_img_train/8(90).jpg,1
./where_wally/wally_img_train/8(91).jpg,1
./where_wally/wally_img_train/8(92).jpg,1
./where_wally/wally_img_train/8(93).jpg,1
./where_wally/wally_img_train/8(94).jpg,1
./where_wally/wally_img_train/8(95).jpg,1
./where_wally/wally_img_train/8(96).jpg,1
./where_wally/wally_img_train/8(97).jpg,1
./where_wally/wally_img_train/8(98).jpg,1
./where_wally/wally_img_train/8(99).jpg,1
./where_wally/wally_img_train/8(100).jpg,1
