./where_wally/wally_img_train/5(1).jpg,1
./where_wally/wally_img_train/5(2).jpg,1
./where_wally/wally_img_train/5(3).jpg,1
./where_wally/wally_img_train/5(4).jpg,1
./where_wally/wally_img_train/5(5).jpg,1
./where_wally/wally_img_train/5(6).jpg,1
./where_wally/wally_img_train/5(7).jpg,1
./where_wally/wally_img_train/5(8).jpg,1
./where_wally/wally_img_train/5(9).jpg,1
./where_wally/wally_img_train/5(10).jpg,1
./where_wally/wally_img_train/5(11).jpg,1
./where_wally/wally_img_train/5(12).jpg,1
./where_wally/wally_img_train/5(13).jpg,1
./where_wally/wally_img_train/5(14).jpg,1
./where_wally/wally_img_train/5(15).jpg,1
./where_wally/wally_img_train/5(16).jpg,1
./where_wally/wally_img_train/5(17).jpg,1
./where_wally/wally_img_train/5(18).jpg,1
./where_wally/wally_img_train/5(19).jpg,1
./where_wally/wally_img_train/5(20).jpg,1
./where_wally/wally_img_train/5(21).jpg,1
./where_wally/wally_img_train/5(22).jpg,1
./where_wally/wally_img_train/5(23).jpg,1
./where_wally/wally_img_train/5(24).jpg,1
./where_wally/wally_img_train/5(25).jpg,1
./where_wally/wally_img_train/5(26).jpg,1
./where_wally/wally_img_train/5(27).jpg,1
./where_wally/wally_img_train/5(28).jpg,1
./where_wally/wally_img_train/5(29).jpg,1
./where_wally/wally_img_train/5(30).jpg,1
./where_wally/wally_img_train/5(31).jpg,1
./where_wally/wally_img_train/5(32).jpg,1
./where_wally/wally_img_train/5(33).jpg,1
./where_wally/wally_img_train/5(34).jpg,1
./where_wally/wally_img_train/5(35).jpg,1
./where_wally/wally_img_train/5(36).jpg,1
./where_wally/wally_img_train/5(37).jpg,1
./where_wally/wally_img_train/5(38).jpg,1
./where_wally/wally_img_train/5(39).jpg,1
./where_wally/wally_img_train/5(40).jpg,1
./where_wally/wally_img_train/5(41).jpg,1
./where_wally/wally_img_train/5(42).jpg,1
./where_wally/wally_img_train/5(43).jpg,1
./where_wally/wally_img_train/5(44).jpg,1
./where_wally/wally_img_train/5(45).jpg,1
./where_wally/wally_img_train/5(46).jpg,1
./where_wally/wally_img_train/5(47).jpg,1
./where_wally/wally_img_train/5(48).jpg,1
./where_wally/wally_img_train/5(49).jpg,1
./where_wally/wally_img_train/5(50).jpg,1
./where_wally/wally_img_train/5(51).jpg,1
./where_wally/wally_img_train/5(52).jpg,1
./where_wally/wally_img_train/5(53).jpg,1
./where_wally/wally_img_train/5(54).jpg,1
./where_wally/wally_img_train/5(55).jpg,1
./where_wally/wally_img_train/5(56).jpg,1
./where_wally/wally_img_train/5(57).jpg,1
./where_wally/wally_img_train/5(58).jpg,1
./where_wally/wally_img_train/5(59).jpg,1
./where_wally/wally_img_train/5(60).jpg,1
./where_wally/wally_img_train/5(61).jpg,1
./where_wally/wally_img_train/5(62).jpg,1
./where_wally/wally_img_train/5(63).jpg,1
./where_wally/wally_img_train/5(64).jpg,1
./where_wally/wally_img_train/5(65).jpg,1
./where_wally/wally_img_train/5(66).jpg,1
./where_wally/wally_img_train/5(67).jpg,1
./where_wally/wally_img_train/5(68).jpg,1
./where_wally/wally_img_train/5(69).jpg,1
./where_wally/wally_img_train/5(70).jpg,1
./where_wally/wally_img_train/5(71).jpg,1
./where_wally/wally_img_train/5(72).jpg,1
./where_wally/wally_img_train/5(73).jpg,1
./where_wally/wally_img_train/5(74).jpg,1
./where_wally/wally_img_train/5(75).jpg,1
./where_wally/wally_img_train/5(76).jpg,1
./where_wally/wally_img_train/5(77).jpg,1
./where_wally/wally_img_train/5(78).jpg,1
./where_wally/wally_img_train/5(79).jpg,1
./where_wally/wally_img_train/5(80).jpg,1
./where_wally/wally_img_train/5(81).jpg,1
./where_wally/wally_img_train/5(82).jpg,1
./where_wally/wally_img_train/5(83).jpg,1
./where_wally/wally_img_train/5(84).jpg,1
./where_wally/wally_img_train/5(85).jpg,1
./where_wally/wally_img_train/5(86).jpg,1
./where_wally/wally_img_train/5(87).jpg,1
./where_wally/wally_img_train/5(88).jpg,1
./where_wally/wally_img_train/5(89).jpg,1
./where_wally/wally_img_train/5(90).jpg,1
./where_wally/wally_img_train/5(91).jpg,1
./where_wally/wally_img_train/5(92).jpg,1
./where_wally/wally_img_train/5(93).jpg,1
./where_wally/wally_img_train/5(94).jpg,1
./where_wally/wally_img_train/5(95).jpg,1
./where_wally/wally_img_train/5(96).jpg,1
./where_wally/wally_img_train/5(97).jpg,1
./where_wally/wally_img_train/5(98).jpg,1
./where_wally/wally_img_train/5(99).jpg,1
./where_wally/wally_img_train/5(100).jpg,1
